Title,Price,Area,Area-Type
"3 BHK Flat for Sale in Bejai, Mangalore",₹65 Lac,1505 sqft,Carpet Area
"2 BHK Flat for Sale in Krishnapura, Mangalore",₹44 Lac,1100 sqft,Super Area
"2 BHK Flat for Sale in Surathkal, Mangalore",₹45 Lac,1203 sqft,Super Area
"3 BHK Flat for Sale in Hampankatta, Mangalore",₹98 Lac,1402 sqft,Super Area
"2 BHK Flat for Sale in Kavoor, Mangalore",₹35 Lac,1185 sqft,Super Area
"3 BHK Flat for Sale in Kadri, Mangalore",₹2.25 Cr,3100 sqft,Carpet Area
"1 BHK Flat for Sale in Valenica, Mangalore",₹25 Lac,720 sqft,Carpet Area
"2 BHK Flat for Sale in Gandhi Nagar, Mangalore",₹20 Lac,800 sqft,Super Area
"2 BHK Flat for Sale in Kadri Hills, Mangalore",₹65 Lac,1390 sqft,Super Area
"3 BHK Flat for Sale in Pandeshwar, Mangalore",₹65 Lac,1650 sqft,Carpet Area
"3 BHK Flat for Sale in Nantoor, Mangalore",₹1.30 Cr,1823 sqft,Super Area
"5 BHK Flat for Sale in Kadri, Mangalore",₹2.80 Cr,5055 sqft,Super Area
"2 BHK Flat for Sale in Derebail, Mangalore",₹35 Lac,840 sqft,Super Area
"2 BHK Flat for Sale in Bejai, Mangalore",₹95 Lac,1410 sqft,Super Area
"2 BHK Flat for Sale in Mary Hill, Mangalore",₹55 Lac,1250 sqft,Carpet Area
"3 BHK Flat for Sale in Bejai, Mangalore",₹70 Lac,1160 sqft,Carpet Area
2 BHK Flat for Sale in Mangalore,₹45 Lac,1000 sqft,Carpet Area
"3 BHK Flat for Sale in Padukodi, Mangalore",₹62 Lac,1470 sqft,Carpet Area
"2 BHK Flat for Sale in Barebail Road, Mangalore",₹35 Lac,780 sqft,Super Area
"2 BHK Flat for Sale in Kadri, Mangalore",₹40 Lac,1200 sqft,Carpet Area
"2 BHK Flat for Sale in Airport road, Mangalore",₹45 Lac,1150 sqft,Carpet Area
"3 BHK Flat for Sale in Kadri Hills, Mangalore",₹1.05 Cr,1565 sqft,Super Area
"2 BHK Flat for Sale in Jeppinamogaru, Mangalore",₹43.5 Lac,1275 sqft,Super Area
"3 BHK Flat for Sale in Kulshekar, Mangalore",₹65 Lac,1256 sqft,Carpet Area
"2 BHK Flat for Sale in Pumpwell, Mangalore",₹83 Lac,1225 sqft,Super Area
"2 BHK Flat for Sale in Nantoor, Mangalore",₹37 Lac,1297 sqft,Carpet Area
"3 BHK Flat for Sale in Kadri, Mangalore",₹68 Lac,1525 sqft,Super Area
"3 BHK Flat for Sale in Mannagudda, Mangalore",₹37.5 Lac,900 sqft,Carpet Area
"3 BHK Flat for Sale in Moodabidri, Mangalore",₹30 Lac,1500 sqft,Super Area
3 BHK Flat for Sale in Mangalore,₹60 Lac,1117 sqft,Carpet Area
"2 BHK Flat for Sale in Bejai, Mangalore",₹40 Lac,834 sqft,Super Area
"3 BHK Flat for Sale in Padil, Mangalore",₹1.15 Cr,1698 sqft,Carpet Area
1 BHK Flat for Sale in Mangalore,₹50 Lac,760 sqft,Carpet Area
"2 BHK Flat for Sale in Arya Samaj Road, Mangalore",₹65 Lac,1250 sqft,Carpet Area
"3 BHK Flat for Sale in Bikarnakatta, Mangalore",₹76 Lac,1490 sqft,Carpet Area
"2 BHK Flat for Sale in Mannagudda, Mangalore",₹72 Lac,1275 sqft,Carpet Area
"2 BHK Flat for Sale in Moodabidri, Mangalore",₹38 Lac,1062 sqft,Super Area
"2 BHK Flat for Sale in Nanthoor, Mangalore",₹55 Lac,1140 sqft,Super Area
"2 BHK Flat for Sale in Derebail, Mangalore",₹532.50 Cr,1065 sqft,Super Area
2 BHK Flat for Sale in Mangalore,₹40 Lac,1050 sqft,Super Area
"2 BHK Flat for Sale in Kulai, Mangalore",₹50 Lac,975 sqft,Super Area
"3 BHK Flat for Sale in Kadri, Mangalore",₹60 Lac,1200 sqft,Carpet Area
"3 BHK Flat for Sale in Bejai New Road, Mangalore",₹70 Lac,1350 sqft,Super Area
"3 BHK Flat for Sale in Yeyyadi Indl. Estate, Mangalore",₹1 Cr,3000 sqft,Super Area
"4 BHK Flat for Sale in Yeyyadi Indl. Estate, Mangalore",₹1.70 Cr,3300 sqft,Super Area
"2 BHK Flat for Sale in Pachanady, Mangalore",₹27 Lac,600 sqft,Carpet Area
"2 BHK Flat for Sale in Pachanady, Mangalore",₹28 Lac,650 sqft,Carpet Area
2 BHK Flat for Sale in Mangalore,₹47 Lac,1120 sqft,Carpet Area
"2 BHK Flat for Sale in Bendoor, Mangalore",₹65 Lac,1200 sqft,Carpet Area
"2 BHK Flat for Sale in Pachanady, Mangalore",₹31 Lac,700 sqft,Carpet Area
"3 BHK Flat for Sale in Urwa, Mangalore",₹1.50 Cr,1836 sqft,Super Area
"2 BHK Flat for Sale in Surathkal, Mangalore",₹35 Lac,700 sqft,Carpet Area
"2 BHK Flat for Sale in Padil, Mangalore",₹65 Lac,1335 sqft,Super Area
"1 BHK Flat for Sale in Derebail, Mangalore",₹38 Lac,770 sqft,Carpet Area
"2 BHK Flat for Sale in Kavoor, Mangalore",₹35 Lac,1185 sqft,Super Area
"2 BHK Flat for Sale in Kodailbail, Mangalore",₹50 Lac,1200 sqft,Super Area
"Builder Floor for Sale in Kodailbail, Mangalore",₹48 Lac,220 sqft,Carpet Area
"2 BHK Flat for Sale in Surathkal, Mangalore",₹49 Lac,975 sqft,Super Area
"3 BHK Flat for Sale in Derebail, Mangalore",₹83.8 Lac,1245 sqft,Carpet Area
3 BHK Flat for Sale in Mangalore,₹64 Lac,1450 sqft,Carpet Area
"2 BHK Flat for Sale in Kottara Chowk, Mangalore",₹58.6 Lac,1065 sqft,Super Area
"3 BHK Flat for Sale in Ashok Nagar, Mangalore",₹1.20 Cr,1435 sqft,Carpet Area
"2 BHK Flat for Sale in Jeppinamogaru, Mangalore",₹43.5 Lac,1275 sqft,Super Area
"3 BHK Flat for Sale in Kottara, Mangalore",₹69 Lac,1250 sqft,Carpet Area
"3 BHK Flat for Sale in Kottara Chowk, Mangalore",₹75.4 Lac,1370 sqft,Super Area
"2 BHK Flat for Sale in Kadri, Mangalore",₹38 Lac,950 sqft,Super Area
"5 BHK Flat for Sale in Kulai, Mangalore",₹11.05 Cr,"10,956 sqft",Super Area
"4 BHK Flat for Sale in Kulai, Mangalore",₹4.75 Cr,4657 sqft,Super Area
"4 BHK Flat for Sale in Kulai, Mangalore",₹4.91 Cr,4817 sqft,Super Area
"2 BHK Flat for Sale in Kulai, Mangalore",₹1.83 Cr,1744 sqft,Super Area
"2 BHK Flat for Sale in Kulai, Mangalore",₹1.75 Cr,1659 sqft,Super Area
"2 BHK Flat for Sale in Kodalguttu, Mangalore",₹42 Lac,900 sqft,Carpet Area
"2 BHK Flat for Sale in Kodalguttu, Mangalore",₹42 Lac,900 sqft,Carpet Area
"4 BHK Flat for Sale in Kulai, Mangalore",₹8.24 Cr,4622 sqft,Carpet Area
"2 BHK Flat for Sale in Kavoor, Mangalore",₹49 Lac,1080 sqft,Super Area
"6 BHK Flat for Sale in Mangaladevi, Mangalore",₹1.10 Cr,800 sqft,Carpet Area
"3 BHK Flat for Sale in Bejai, Mangalore",₹86.5 Lac,1410 sqft,Super Area
"2 BHK Flat for Sale in Ashok Nagar, Mangalore",₹56 Lac,920 sqft,Carpet Area
"2 BHK Flat for Sale in Bejai, Mangalore",₹76.5 Lac,1196 sqft,Super Area
"2 BHK Flat for Sale in Derebail, Mangalore",₹56 Lac,980 sqft,Super Area
"2 BHK Flat for Sale in Ashok Nagar, Mangalore",₹36 Lac,950 sqft,Carpet Area
"4 BHK Flat for Sale in Kulai, Mangalore",₹5.56 Cr,3334 sqft,Carpet Area
"2 BHK Flat for Sale in Kodialbail, Mangalore",₹85 Lac,1227 sqft,Super Area
"2 BHK Flat for Sale in Nanthoor, Mangalore",₹47 Lac,1130 sqft,Carpet Area
"2 BHK Flat for Sale in Shakti Nagar, Mangalore",₹52 Lac,1070 sqft,Carpet Area
"2 BHK Flat for Sale in Surathkal, Mangalore",₹40 Lac,1112 sqft,Super Area
"3 BHK Flat for Sale in Bejai, Mangalore",₹1.16 Cr,1625 sqft,Super Area
"1 BHK Flat for Sale in Surathkal, Mangalore",₹45 Lac,700 sqft,Carpet Area
"3 BHK Flat for Sale in Bajpe, Mangalore",₹69 Lac,2000 sqft,Super Area
"2 BHK Flat for Sale in Moodabidri, Mangalore",₹33 Lac,1240 sqft,Super Area
"2 BHK Flat for Sale in Bendoor, Mangalore",₹76 Lac,1500 sqft,Carpet Area
2 BHK Flat for Sale in Mangalore,₹55 Lac,1300 sqft,Carpet Area
"3 BHK Flat for Sale in Kavoor, Mangalore",₹62 Lac,1470 sqft,Carpet Area
"1 BHK Flat for Sale in Konaje, Mangalore",₹13 Lac,365 sqft,Carpet Area
"2 BHK Flat for Sale in Moodabidri, Mangalore",₹35 Lac,1010 sqft,Super Area
"2 BHK Flat for Sale in Mary Hill, Mangalore",₹60 Lac,1250 sqft,Super Area
"3 BHK Flat for Sale in Kulshekar, Mangalore",₹65 Lac,1256 sqft,Carpet Area
"2 BHK Flat for Sale in Shakti Nagar, Mangalore",₹25 Lac,750 sqft,Carpet Area
"2 BHK Flat for Sale in Kottara Chowk, Mangalore",₹58 Lac,1055 sqft,Super Area
"2 BHK Flat for Sale in Pumpwell, Mangalore",₹83 Lac,1225 sqft,Super Area
3 BHK Flat for Sale in Mangalore,₹75 Lac,1572 sqft,Super Area
"3 BHK Flat for Sale in Kankanady, Mangalore",₹87 Lac,1880 sqft,Carpet Area
"3 BHK Flat for Sale in Derelakatai, Mangalore",₹45 Lac,1400 sqft,Carpet Area
"2 BHK Flat for Sale in Kuntikana, Mangalore",,1400 sqft,Super Area
"3 BHK Flat for Sale in Pumpwell, Mangalore",₹1.65 Cr,1646 sqft,Super Area
"2 BHK Flat for Sale in Bejai, Mangalore",₹1 Cr,1580 sqft,Super Area
"2 BHK Flat for Sale in Kulshekar, Mangalore",₹4 Lac,900 sqft,Carpet Area
"2 BHK Flat for Sale in Krishnapura, Mangalore",₹35 Lac,1300 sqft,Super Area
"2 BHK Flat for Sale in Kulshekar, Mangalore",₹47.3 Lac,1140 sqft,Super Area
"2 BHK Flat for Sale in Kulshekar, Mangalore",₹41.7 Lac,1005 sqft,Super Area
"4 BHK Flat for Sale in Pumpwell, Mangalore",₹2.77 Cr,5228 sqft,Super Area
"2 BHK Flat for Sale in Pumpwell, Mangalore",₹81.4 Lac,1225 sqft,Super Area
"3 BHK Flat for Sale in Kadri, Mangalore",₹1.55 Cr,2300 sqft,Super Area
"3 BHK Flat for Sale in Kadri, Mangalore",₹1.53 Cr,2270 sqft,Super Area
"1 BHK Flat for Sale in Kottara Chowk, Mangalore",₹41.8 Lac,705 sqft,Super Area
"3 BHK Flat for Sale in Kottara Chowk, Mangalore",₹1.15 Cr,2045 sqft,Super Area
"2 BHK Flat for Sale in Kudroli, Mangalore",₹98 Lac,1224 sqft,Super Area
"4 BHK Flat for Sale in Kudroli, Mangalore",₹3.77 Cr,4054 sqft,Super Area
"1 BHK Flat for Sale in Shakti Nagar, Mangalore",₹33.4 Lac,560 sqft,Super Area
"2 BHK Flat for Sale in Shakti Nagar, Mangalore",₹54.9 Lac,970 sqft,Super Area
"2 BHK Flat for Sale in Shakti Nagar, Mangalore",₹50.9 Lac,970 sqft,Super Area
"2 BHK Flat for Sale in Kulshekar, Mangalore",₹37.3 Lac,1007 sqft,Super Area
"1 BHK Flat for Sale in Kulshekar, Mangalore",₹25.8 Lac,698 sqft,Super Area
"3 BHK Flat for Sale in Bejai, Mangalore",₹1.35 Cr,1589 sqft,Super Area
"3 BHK Flat for Sale in Bejai, Mangalore",₹1.50 Cr,1740 sqft,Super Area
"3 BHK Flat for Sale in Bejai, Mangalore",₹70 Lac,1160 sqft,Carpet Area
"2 BHK Flat for Sale in Shakti Nagar, Mangalore",₹46 Lac,1080 sqft,Carpet Area
"3 BHK Flat for Sale in Bejai, Mangalore",₹1.45 Cr,1625 sqft,Carpet Area
"3 BHK Flat for Sale in Bejai, Mangalore",₹95 Lac,1749 sqft,Carpet Area
"2 BHK Flat for Sale in Kulai, Mangalore",₹1.41 Cr,1284 sqft,Super Area
"2 BHK Flat for Sale in Kulai, Mangalore",₹1.92 Cr,1827 sqft,Super Area
"3 BHK Flat for Sale in Kadri Hills, Mangalore",₹1.05 Cr,1565 sqft,Super Area
"2 BHK Flat for Sale in Bondel, Mangalore",₹55 Lac,900 sqft,Carpet Area
"2 BHK Flat for Sale in Shakti Nagar, Mangalore",₹40 Lac,820 sqft,Carpet Area
"2 BHK Flat for Sale in Kulai, Mangalore",₹35 Lac,1056 sqft,Carpet Area
"3 BHK Flat for Sale in Kulshekar, Mangalore",₹43.7 Lac,1182 sqft,Super Area
"3 BHK Flat for Sale in Kottara Chowk, Mangalore",₹78.4 Lac,1370 sqft,Super Area
"2 BHK Flat for Sale in Kottara Chowk, Mangalore",₹61.6 Lac,1065 sqft,Super Area
"1 BHK Flat for Sale in Kottara Chowk, Mangalore",₹42.3 Lac,715 sqft,Super Area
"1 BHK Flat for Sale in Kottara Chowk, Mangalore",₹42.1 Lac,710 sqft,Super Area
"2 BHK Flat for Sale in Kankanady, Mangalore",₹45 Lac,835 sqft,Super Area
"2 BHK Flat for Sale in Attavar, Mangalore",₹38 Lac,850 sqft,Super Area
"3 BHK Flat for Sale in Bikarnakatta, Mangalore",₹82 Lac,1787 sqft,Super Area
2 BHK Flat for Sale in Mangalore,₹32 Lac,1040 sqft,Carpet Area
"3 BHK Flat for Sale in Kottara Chowk, Mangalore",₹76.2 Lac,1330 sqft,Super Area
"2 BHK Flat for Sale in Kottara Chowk, Mangalore",₹61 Lac,1055 sqft,Super Area
"5 BHK Flat for Sale in Kadri, Mangalore",₹2.80 Cr,5055 sqft,Super Area
"2 BHK Flat for Sale in Kulashekara, Mangalore",₹75 Lac,1170 sqft,Carpet Area
"3 BHK Flat for Sale in Bondel, Mangalore",₹1.07 Cr,1810 sqft,Super Area
"3 BHK Flat for Sale in Padukodi, Mangalore",₹1018.80 Cr,1415 sqft,Super Area
"3 BHK Flat for Sale in Padukodi, Mangalore",₹1249.50 Cr,1470 sqft,Super Area
"2 BHK Flat for Sale in Derebail, Mangalore",₹35 Lac,840 sqft,Super Area
"2 BHK Flat for Sale in Shakti Nagar, Mangalore",₹49.3 Lac,985 sqft,Super Area
"1 BHK Flat for Sale in Shakti Nagar, Mangalore",₹28 Lac,560 sqft,Carpet Area
"3 BHK Flat for Sale in Bejai, Mangalore",₹97 Lac,1410 sqft,Carpet Area
"2 BHK Flat for Sale in Bejai, Mangalore",₹77 Lac,1196 sqft,Carpet Area
"3 BHK Flat for Sale in Bejai, Mangalore",₹96 Lac,1410 sqft,Carpet Area
"3 BHK Flat for Sale in Bendoorwell, Mangalore",₹3409.06 Cr,2132 sqft,Super Area
"4 BHK Flat for Sale in Bendoorwell, Mangalore",₹5247.01 Cr,2645 sqft,Super Area
"1 BHK Flat for Sale in Balmatta, Mangalore",₹60.5 Lac,465 sqft,Super Area
3 BHK Flat for Sale in Mangalore,₹45 Lac,1200 sqft,Super Area
"3 BHK Flat for Sale in Pandeshwar, Mangalore",₹65 Lac,1620 sqft,Super Area
"2 BHK Flat for Sale in Nantoor, Mangalore",₹99 Lac,1300 sqft,Carpet Area
"2 BHK Flat for Sale in Padil, Mangalore",₹48.5 Lac,1150 sqft,Carpet Area
"2 BHK Flat for Sale in Kadri Hills, Mangalore",₹98 Lac,1450 sqft,Super Area
"2 BHK Flat for Sale in Urwa, Mangalore",₹65 Lac,1260 sqft,Super Area
"3 BHK Flat for Sale in Kudroli, Mangalore",₹1.52 Cr,1942 sqft,Super Area
"2 BHK Flat for Sale in Jeppinamogaru, Mangalore",₹50 Lac,1100 sqft,Carpet Area
"6 BHK Flat for Sale in Kadri, Mangalore",₹38220.59 Cr,6912 sqft,Super Area
"2 BHK Flat for Sale in Maroli, Mangalore",₹36 Lac,1050 sqft,Carpet Area
"4 BHK Flat for Sale in Lalbagh, Mangalore",₹1.80 Cr,3600 sqft,Super Area
"3 BHK Flat for Sale in Lalbagh, Mangalore",₹88 Lac,1700 sqft,Super Area
"3 BHK Flat for Sale in Lalbagh, Mangalore",₹92 Lac,1700 sqft,Super Area
"2 BHK Flat for Sale in Lalbagh, Mangalore",₹40 Lac,950 sqft,Super Area
"2 BHK Flat for Sale in Kodailbail, Mangalore",₹78 Lac,1175 sqft,Super Area
"3 BHK Flat for Sale in Kadri, Mangalore",₹2.25 Cr,3100 sqft,Carpet Area
"2 BHK Flat for Sale in Pumpwell, Mangalore",₹47 Lac,1050 sqft,Carpet Area
"3 BHK Flat for Sale in Kulai, Mangalore",₹1.05 Cr,1870 sqft,Super Area
"2 BHK Flat for Sale in Surathkal, Mangalore",₹42 Lac,1056 sqft,Carpet Area
"3 BHK Flat for Sale in Boloor, Mangalore",₹1.35 Cr,2250 sqft,Super Area
2 BHK Flat for Sale in Mangalore,₹30 Lac,850 sqft,Super Area
"2 BHK Flat for Sale in Bejai, Mangalore",₹42 Lac,1000 sqft,Carpet Area
"2 BHK Flat for Sale in Kadri, Mangalore",₹98 Lac,1450 sqft,Super Area
"3 BHK Flat for Sale in Kadri, Mangalore",₹1.55 Cr,2300 sqft,Super Area
"4 BHK Flat for Sale in Kadri, Mangalore",₹2.19 Cr,3250 sqft,Super Area
"4 BHK Flat for Sale in Kadri, Mangalore",₹2.66 Cr,3950 sqft,Super Area
"4 BHK Flat for Sale in Kadri, Mangalore",₹2.90 Cr,4300 sqft,Super Area
"4 BHK Flat for Sale in Kadri, Mangalore",₹3.11 Cr,4615 sqft,Super Area
"2 BHK Flat for Sale in Gurupura, Mangalore",₹38 Lac,1115 sqft,Super Area
2 BHK Flat for Sale in Mangalore,₹68 Lac,1050 sqft,Carpet Area
"2 BHK Flat for Sale in Kadri, Mangalore",₹1.03 Cr,1525 sqft,Super Area
"3 BHK Flat for Sale in Kadri, Mangalore",₹1.35 Cr,2005 sqft,Super Area
"3 BHK Flat for Sale in Kadri, Mangalore",₹1.53 Cr,2270 sqft,Super Area
"2 BHK Flat for Sale in Derebail, Mangalore",₹60 Lac,1091 sqft,Super Area
"2 BHK Flat for Sale in Kuntikana, Mangalore",Call for Price,1400 sqft,Super Area
"2 BHK Flat for Sale in Shakti Nagar, Mangalore",₹32.4 Lac,560 sqft,Super Area
"2 BHK Flat for Sale in Mukka, Mangalore",₹35 Lac,1250 sqft,Super Area
"3 BHK Flat for Sale in Kankanady, Mangalore",₹1.08 Cr,1780 sqft,Super Area
"3 BHK Flat for Sale in Shakti Nagar, Mangalore",₹81 Lac,1542 sqft,Super Area
"3 BHK Flat for Sale in Bikarnakatta, Mangalore",₹85 Lac,1800 sqft,Super Area
"2 BHK Flat for Sale in Kulshekar, Mangalore",₹50 Lac,1170 sqft,Super Area
"3 BHK Flat for Sale in Moodabidri, Mangalore",₹30 Lac,1500 sqft,Super Area
"2 BHK Flat for Sale in Thokkttu, Mangalore",₹52 Lac,1210 sqft,Super Area
"3 BHK Flat for Sale in Moodabidri, Mangalore",₹48 Lac,1450 sqft,Carpet Area
"2 BHK Flat for Sale in Kulshekar, Mangalore",₹30 Lac,690 sqft,Super Area
"2 BHK Flat for Sale in Kulshekar, Mangalore",₹45.3 Lac,1090 sqft,Super Area
"2 BHK Flat for Sale in Kulshekar, Mangalore",₹41.7 Lac,1005 sqft,Super Area
"2 BHK Flat for Sale in Kulshekar, Mangalore",₹47.3 Lac,1140 sqft,Super Area
"2 BHK Flat for Sale in Urwa, Mangalore",₹67 Lac,1100 sqft,Super Area
"3 BHK Flat for Sale in Padukodi, Mangalore",₹1249.50 Cr,1470 sqft,Super Area
"3 BHK Flat for Sale in Kadri, Mangalore",₹72 Lac,1450 sqft,Carpet Area
"3 BHK Flat for Sale in Chilimbi, Mangalore",₹2.81 Cr,2100 sqft,Super Area
"2 BHK Flat for Sale in Mangala Nagar, Mangalore",₹67 Lac,1150 sqft,Carpet Area
"3 BHK Flat for Sale in Pandeshwar, Mangalore",₹65 Lac,1650 sqft,Carpet Area
"Apartment for Sale in Kodailbail, Mangalore",₹75 Lac,1175 sqft,Super Area
"3 BHK Flat for Sale in Derebail, Mangalore",₹1.12 Cr,1450 sqft,Carpet Area
"1 BHK Flat for Sale in Kankanady, Mangalore",₹11 Lac,300 sqft,Carpet Area
"3 BHK Flat for Sale in Lalbagh, Mangalore",₹1 Cr,1500 sqft,Carpet Area
"2 BHK Flat for Sale in Kulshekar, Mangalore",₹45 Lac,1170 sqft,Carpet Area
2 BHK Flat for Sale in Mangalore,₹28 Lac,630 sqft,Super Area
"3 BHK Flat for Sale in Bendoorwell, Mangalore",₹3409.06 Cr,2132 sqft,Super Area
"2 BHK Flat for Sale in Bondel, Mangalore",₹79.1 Lac,931 sqft,Carpet Area
"2 BHK Flat for Sale in Derebail, Mangalore",₹65 Lac,1091 sqft,Super Area
2 BHK Flat for Sale in Mangalore,Call for Price,1060 sqft,Carpet Area
"2 BHK Flat for Sale in Kottara Chowk, Mangalore",₹57 Lac,1175 sqft,Super Area
"2 BHK Flat for Sale in Derebail, Mangalore",₹60.1 Lac,980 sqft,Carpet Area
"4 BHK Flat for Sale in Bendoorwell, Mangalore",₹5247.01 Cr,2645 sqft,Super Area
"2 BHK Flat for Sale in Kadri, Mangalore",₹98.4 Lac,1405 sqft,Super Area
"2 BHK Flat for Sale in Ashok Nagar, Mangalore",₹39 Lac,730 sqft,Super Area
"3 BHK Flat for Sale in Kadri, Mangalore",₹3.15 Cr,3300 sqft,Super Area
"3 BHK Flat for Sale in Padukodi, Mangalore",₹1018.80 Cr,1415 sqft,Super Area
2 BHK Flat for Sale in Mangalore,₹73 Lac,1275 sqft,Carpet Area
"2 BHK Flat for Sale in Pumpwell, Mangalore",₹45 Lac,780 sqft,Carpet Area
"2 BHK Flat for Sale in Derebail, Mangalore",₹32 Lac,900 sqft,Super Area
"2 BHK Flat for Sale in Ashok Nagar, Mangalore",₹43 Lac,1025 sqft,Carpet Area
"2 BHK Flat for Sale in Urwa, Mangalore",₹47 Lac,1245 sqft,Super Area
"3 BHK Flat for Sale in Balmatta, Mangalore",₹1.10 Cr,1670 sqft,Super Area
"2 BHK Flat for Sale in Mannagudda, Mangalore",₹65 Lac,1048 sqft,Super Area
"1 BHK Flat for Sale in Kulshekar, Mangalore",₹16.5 Lac,500 sqft,Carpet Area
"3 BHK Flat for Sale in Mannagudda, Mangalore",₹37.5 Lac,900 sqft,Carpet Area
"2 BHK Flat for Sale in Kavoor, Mangalore",₹34 Lac,940 sqft,Carpet Area
"2 BHK Flat for Sale in Pumpwell, Mangalore",₹81.4 Lac,1225 sqft,Super Area
"4 BHK Flat for Sale in Pumpwell, Mangalore",₹2.77 Cr,5228 sqft,Super Area
"4 BHK Flat for Sale in Pumpwell, Mangalore",₹2.08 Cr,2870 sqft,Super Area
"3 BHK Flat for Sale in Pumpwell, Mangalore",₹1.18 Cr,1831 sqft,Super Area
"3 BHK Flat for Sale in Pumpwell, Mangalore",₹1.08 Cr,1646 sqft,Super Area
"2 BHK Flat for Sale in Pumpwell, Mangalore",₹81.4 Lac,1224 sqft,Super Area
"2 BHK Flat for Sale in Kavoor, Mangalore",₹40 Lac,1100 sqft,Carpet Area
"2 BHK Flat for Sale in Yeyyadi, Mangalore",₹82 Lac,1600 sqft,Super Area
"1 BHK Flat for Sale in Shakti Nagar, Mangalore",₹20 Lac,470 sqft,Super Area
"3 BHK Flat for Sale in Kulshekar, Mangalore",₹52.3 Lac,1260 sqft,Super Area
"3 BHK Flat for Sale in Kulshekar, Mangalore",₹56.9 Lac,1370 sqft,Super Area
"2 BHK Flat for Sale in Kulshekar, Mangalore",₹43.6 Lac,1050 sqft,Super Area
"2 BHK Flat for Sale in Kulshekar, Mangalore",₹34 Lac,740 sqft,Super Area
"2 BHK Flat for Sale in Kulshekar, Mangalore",₹41.9 Lac,1010 sqft,Super Area
"2 BHK Flat for Sale in Kulshekar, Mangalore",₹44.4 Lac,1070 sqft,Super Area
"2 BHK Flat for Sale in Kadri, Mangalore",₹55 Lac,1600 sqft,Super Area
"2 BHK Flat for Sale in Kankanady, Mangalore",₹1 Cr,1160 sqft,Carpet Area
"3 BHK Flat for Sale in Bejai, Mangalore",₹60 Lac,1485 sqft,Super Area
"2 BHK Flat for Sale in Shakti Nagar, Mangalore",₹56.2 Lac,1070 sqft,Super Area
"2 BHK Flat for Sale in Bondel, Mangalore",₹62 Lac,1200 sqft,Carpet Area
"3 BHK Flat for Sale in Derebail, Mangalore",₹1.30 Cr,1440 sqft,Carpet Area
"3 BHK Flat for Sale in Attavar, Mangalore",₹65 Lac,1699 sqft,Super Area
"3 BHK Flat for Sale in Bejai, Mangalore",₹68 Lac,1240 sqft,Carpet Area
"2 BHK Flat for Sale in Kankanady, Mangalore",₹25 Lac,750 sqft,Super Area
"2 BHK Flat for Sale in Subhashnagar, Mangalore",₹51 Lac,1225 sqft,Carpet Area
"3 BHK Flat for Sale in Kadri, Mangalore",₹3.10 Cr,2700 sqft,Carpet Area
"1 BHK Flat for Sale in Boloor, Mangalore",₹18 Lac,750 sqft,Super Area
"2 BHK Flat for Sale in Mary Hill, Mangalore",₹33 Lac,1000 sqft,Carpet Area
"2 BHK Flat for Sale in Car Street, Mangalore",₹52 Lac,1090 sqft,Carpet Area
"2 BHK Flat for Sale in Konchady Cross Road, Mangalore",₹45 Lac,1160 sqft,Super Area
"3 BHK Flat for Sale in Kadri Hills, Mangalore",₹61 Lac,1430 sqft,Super Area
"2 BHK Flat for Sale in Barebail Road, Mangalore",₹35 Lac,780 sqft,Super Area
2 BHK Flat for Sale in Mangalore,₹45 Lac,1000 sqft,Carpet Area
"3 BHK Flat for Sale in Kadri, Mangalore",₹90 Lac,1350 sqft,Carpet Area
"3 BHK Flat for Sale in Urwa, Mangalore",₹1.65 Cr,2235 sqft,Carpet Area
"3 BHK Flat for Sale in Kudroli, Mangalore",₹1.52 Cr,1942 sqft,Super Area
"2 BHK Flat for Sale in Kudroli, Mangalore",₹98 Lac,1224 sqft,Super Area
"2 BHK Flat for Sale in Kadri Hills, Mangalore",₹1.03 Cr,1525 sqft,Super Area
"3 BHK Flat for Sale in Kadri Hills, Mangalore",₹1.35 Cr,2005 sqft,Super Area
"3 BHK Flat for Sale in Kadri Hills, Mangalore",₹1.51 Cr,2255 sqft,Super Area
"2 BHK Flat for Sale in Kadri Hills, Mangalore",₹70 Lac,1390 sqft,Super Area
2 BHK Flat for Sale in Mangalore,₹50 Lac,1250 sqft,Carpet Area
"2 BHK Flat for Sale in Bejai Kapikad Road, Mangalore",Call for Price,1140 sqft,Super Area
"2 BHK Flat for Sale in Moodabidri, Mangalore",₹30 Lac,1000 sqft,Super Area
"2 BHK Flat for Sale in Shiva bagh, Mangalore",₹42 Lac,1200 sqft,Super Area
"3 BHK Flat for Sale in Nantoor, Mangalore",Call for Price,1380 sqft,Carpet Area
"3 BHK Flat for Sale in Padil, Mangalore",₹90 Lac,2220 sqft,Super Area
"3 BHK Flat for Sale in Kodalguttu, Mangalore",₹75 Lac,1750 sqft,Carpet Area
"3 BHK Flat for Sale in Kadri, Mangalore",₹1.22 Cr,1650 sqft,Carpet Area
"2 BHK Flat for Sale in Bunder, Mangalore",₹25 Lac,800 sqft,Super Area
"2 BHK Flat for Sale in Bunder, Mangalore",₹55 Lac,1100 sqft,Super Area
"2 BHK Flat for Sale in Matadakani, Mangalore",₹74 Lac,1225 sqft,Carpet Area
"3 BHK Flat for Sale in Kulashekara, Mangalore",₹50 Lac,1200 sqft,Super Area
"3 BHK Flat for Sale in Kulashekara, Mangalore",₹55 Lac,1570 sqft,Super Area
"2 BHK Flat for Sale in Pumpwell, Mangalore",₹75 Lac,1025 sqft,Carpet Area
"2 BHK Flat for Sale in Padavinangady, Mangalore",₹84 Lac,1316 sqft,Carpet Area
"2 BHK Flat for Sale in Urwa, Mangalore",₹79 Lac,1100 sqft,Carpet Area
"2 BHK Flat for Sale in Maroli, Mangalore",₹30 Lac,900 sqft,Super Area
"2 BHK Flat for Sale in Ballalbagh, Mangalore",₹35 Lac,73 sqm,Super Area
"2 BHK Flat for Sale in Ballalbagh, Mangalore",₹40 Lac,700 sqft,Super Area
"2 BHK Flat for Sale in Ballalbagh, Mangalore",₹45 Lac,900 sqft,Super Area
"3 BHK Flat for Sale in Attavar, Mangalore",₹1.10 Cr,1630 sqft,Carpet Area
"1 BHK Flat for Sale in Attavar, Mangalore",₹37 Lac,800 sqft,Super Area
"2 BHK Flat for Sale in Mangaladevi, Mangalore",₹68.3 Lac,1390 sqft,Super Area
"3 BHK Flat for Sale in Bejai, Mangalore",₹1.15 Cr,1625 sqft,Super Area
"2 BHK Flat for Sale in Shakti Nagar, Mangalore",₹46 Lac,1080 sqft,Carpet Area
"2 BHK Flat for Sale in Arya Samaj Road, Mangalore",₹65 Lac,1250 sqft,Carpet Area
"2 BHK Flat for Sale in Surathkal, Mangalore",₹45 Lac,1203 sqft,Super Area
3 BHK Flat for Sale in Mangalore,₹75 Lac,1675 sqft,Super Area
"2 BHK Flat for Sale in Ballalbagh, Mangalore",₹75 Lac,1250 sqft,Super Area
"2 BHK Flat for Sale in Surathkal, Mangalore",₹50 Lac,1200 sqft,Super Area
"2 BHK Flat for Sale in Kodialbail, Mangalore",₹85 Lac,1227 sqft,Super Area
"3 BHK Flat for Sale in Kulshekar, Mangalore",₹46.6 Lac,1165 sqft,Super Area
"2 BHK Flat for Sale in Airport road, Mangalore",₹27 Lac,825 sqft,Carpet Area
"1 BHK Flat for Sale in Kottara Chowk, Mangalore",₹42.3 Lac,715 sqft,Super Area
3 BHK Flat for Sale in Mangalore,₹65.4 Lac,1410 sqft,Carpet Area
"2 BHK Flat for Sale in Kottara, Mangalore",₹42 Lac,880 sqft,Super Area
2 BHK Flat for Sale in Mangalore,₹45 Lac,1140 sqft,Carpet Area
"3 BHK Flat for Sale in Ashok Nagar, Mangalore",₹75 Lac,1468 sqft,Carpet Area
2 BHK Flat for Sale in Mangalore,₹46 Lac,998 sqft,Carpet Area
"1 BHK Flat for Sale in Kulshekar, Mangalore",₹30 Lac,701 sqft,Super Area
"2 BHK Flat for Sale in Kuntikana, Mangalore",₹70 Lac,1080 sqft,Super Area
"2 BHK Flat for Sale in Kottara, Mangalore",₹52 Lac,1000 sqft,Super Area
"3 BHK Flat for Sale in Bejai, Mangalore",₹1.05 Cr,1435 sqft,Super Area
1 BHK Flat for Sale in Mangalore,₹40 Lac,770 sqft,Super Area
"3 BHK Flat for Sale in Bejai, Mangalore",₹1.25 Cr,1625 sqft,Super Area
"2 BHK Flat for Sale in Bejai, Mangalore",₹1.20 Cr,1117 sqft,Carpet Area
"2 BHK Flat for Sale in Shakti Nagar, Mangalore",₹49.3 Lac,985 sqft,Super Area
"3 BHK Flat for Sale in Bendoorwell, Mangalore",₹1.05 Cr,1950 sqft,Carpet Area
"2 BHK Flat for Sale in Kulshekar, Mangalore",₹31.3 Lac,715 sqft,Carpet Area
"3 BHK Flat for Sale in Kulshekar, Mangalore",₹65.4 Lac,1500 sqft,Carpet Area
3 BHK Flat for Sale in Mangalore,₹65 Lac,1570 sqft,Carpet Area
"2 BHK Flat for Sale in Kudroli, Mangalore",₹1332.66 Cr,1333 sqft,Super Area
"3 BHK Flat for Sale in Bejai, Mangalore",₹1.12 Cr,1625 sqft,Super Area
"2 BHK Flat for Sale in Bondel, Mangalore",₹372.64 Cr,910 sqft,Super Area
"2 BHK Flat for Sale in Kulshekar, Mangalore",₹41.9 Lac,932 sqft,Super Area
"3 BHK Flat for Sale in Derebail, Mangalore",₹79 Lac,1360 sqft,Super Area
"1 BHK Flat for Sale in Kulshekar, Mangalore",₹32.6 Lac,701 sqft,Super Area
"3 BHK Flat for Sale in Kadri, Mangalore",₹80 Lac,1720 sqft,Carpet Area
"3 BHK Flat for Sale in Kuttar Junction, Mangalore",₹42 Lac,1400 sqft,Carpet Area
"2 BHK Flat for Sale in Ashok Nagar, Mangalore",₹42 Lac,940 sqft,Carpet Area
"2 BHK Flat for Sale in Kudroli, Mangalore",₹98 Lac,1224 sqft,Super Area
"3 BHK Flat for Sale in Kudroli, Mangalore",₹1.52 Cr,1942 sqft,Super Area
"3 BHK Flat for Sale in Ladyhill, Mangalore",₹1.73 Cr,2299 sqft,Super Area
"4 BHK Flat for Sale in Kudroli, Mangalore",₹3.77 Cr,4054 sqft,Super Area
"3 BHK Flat for Sale in Kudroli, Mangalore",₹1.56 Cr,1987 sqft,Super Area
"2 BHK Flat for Sale in Bejai, Mangalore",₹69 Lac,1055 sqft,Super Area
"4 BHK Flat for Sale in Ladyhill, Mangalore",₹2.52 Cr,3366 sqft,Super Area
"2 BHK Flat for Sale in Derebail, Mangalore",₹55 Lac,1150 sqft,Super Area
"2 BHK Flat for Sale in Thokkttu, Mangalore",₹40 Lac,1400 sqft,Super Area
"3 BHK Flat for Sale in Derebail, Mangalore",₹48 Lac,1250 sqft,Carpet Area
2 BHK Flat for Sale in Mangalore,₹45 Lac,1200 sqft,Super Area
"3 BHK Flat for Sale in Kudroli, Mangalore",₹1.52 Cr,1942 sqft,Super Area
2 BHK Flat for Sale in Mangalore,₹42 Lac,1047 sqft,Super Area
"2 BHK Flat for Sale in Kadri, Mangalore",₹65 Lac,1170 sqft,Carpet Area
"3 BHK Flat for Sale in Bejai, Mangalore",₹1.16 Cr,1625 sqft,Super Area
"3 BHK Flat for Sale in Konchady Cross Road, Mangalore",₹50 Lac,1400 sqft,Super Area
"3 BHK Flat for Sale in Mallikatte, Mangalore",₹90 Lac,1750 sqft,Carpet Area
"3 BHK Flat for Sale in Bejai, Mangalore",₹1.31 Cr,1625 sqft,Super Area
"2 BHK Flat for Sale in Surathkal, Mangalore",₹48 Lac,1200 sqft,Super Area
"3 BHK Flat for Sale in Ladyhill, Mangalore",₹1.77 Cr,2363 sqft,Super Area
"3 BHK Flat for Sale in Kudroli, Mangalore",₹3.98 Cr,4291 sqft,Super Area
"3 BHK Flat for Sale in Kudroli, Mangalore",₹1.62 Cr,2074 sqft,Super Area
"3 BHK Flat for Sale in Kudroli, Mangalore",₹1.54 Cr,1967 sqft,Super Area
"2 BHK Flat for Sale in Kudroli, Mangalore",₹1.88 Cr,1715 sqft,Super Area
"3 BHK Flat for Sale in Kulai, Mangalore",₹1.20 Cr,1870 sqft,Super Area
"2 BHK Flat for Sale in Urwa, Mangalore",₹663.06 Cr,1010 sqft,Super Area
"2 BHK Flat for Sale in Nantoor, Mangalore",₹37 Lac,1297 sqft,Carpet Area
"2 BHK Flat for Sale in Kavoor, Mangalore",₹58 Lac,1120 sqft,Super Area
"2 BHK Flat for Sale in Kulshekar, Mangalore",₹57 Lac,1187 sqft,Carpet Area
"3 BHK Flat for Sale in Kadri, Mangalore",₹1.50 Cr,1940 sqft,Super Area
3 BHK Flat for Sale in Mangalore,₹45 Lac,1200 sqft,Super Area
2 BHK Flat for Sale in Mangalore,₹69 Lac,1055 sqft,Carpet Area
"2 BHK Flat for Sale in Bejai Kapikad Road, Mangalore",₹1.05 Cr,1279 sqft,Super Area
3 BHK Flat for Sale in Mangalore,₹1.95 Cr,2074 sqft,Carpet Area
"3 BHK Flat for Sale in Derebail, Mangalore",₹1.30 Cr,1780 sqft,Carpet Area
"1 BHK Flat for Sale in Kulshekar, Mangalore",₹18 Lac,450 sqft,Super Area
"3 BHK Flat for Sale in Kadri, Mangalore",₹68 Lac,1525 sqft,Super Area
"2 BHK Flat for Sale in Derebail, Mangalore",₹35 Lac,840 sqft,Super Area
"2 BHK Flat for Sale in Kulashekara, Mangalore",₹15.7 Lac,800 sqft,Super Area
"2 BHK Flat for Sale in Kulashekara, Mangalore",₹45 Lac,1170 sqft,Super Area
"2 BHK Flat for Sale in Urwa, Mangalore",₹99 Lac,1585 sqft,Carpet Area
"2 BHK Flat for Sale in Kulshekar, Mangalore",₹53 Lac,1150 sqft,Carpet Area
"2 BHK Flat for Sale in Bejai Kapikad Road, Mangalore",₹26 Lac,850 sqft,Super Area
"2 BHK Flat for Sale in Attavar, Mangalore",₹32 Lac,1000 sqft,Super Area
"1 BHK Flat for Sale in Bondel, Mangalore",₹25 Lac,470 sqft,Super Area
"2 BHK Flat for Sale in Kulashekara, Mangalore",₹75 Lac,1170 sqft,Carpet Area
"4 BHK Flat for Sale in Bejai, Mangalore",₹1.85 Cr,2237 sqft,Super Area
"3 BHK Flat for Sale in Bejai, Mangalore",₹1.50 Cr,1740 sqft,Super Area
"2 BHK Flat for Sale in Bejai, Mangalore",₹1.05 Cr,1278 sqft,Super Area
"2 BHK Flat for Sale in Derelakatai, Mangalore",₹40 Lac,1035 sqft,Super Area
2 BHK Flat for Sale in Mangalore,₹30 Lac,980 sqft,Super Area
"2 BHK Flat for Sale in Chilimbi, Mangalore",₹932.20 Cr,1154 sqft,Super Area
"3 BHK Flat for Sale in Urwa, Mangalore",₹65 Lac,1350 sqft,Carpet Area
"3 BHK Flat for Sale in Kulashekara, Mangalore",₹62 Lac,1550 sqft,Super Area
3 BHK Flat for Sale in Mangalore,₹85 Lac,1850 sqft,Carpet Area
"2 BHK Flat for Sale in Bendoor, Mangalore",₹58 Lac,1000 sqft,Carpet Area
"3 BHK Flat for Sale in Kudroli, Mangalore",₹1.52 Cr,1942 sqft,Super Area
"2 BHK Flat for Sale in Pandeshwar, Mangalore",₹45 Lac,1060 sqft,Carpet Area
"3 BHK Flat for Sale in Kudroli, Mangalore",₹1.54 Cr,1967 sqft,Super Area
"3 BHK Flat for Sale in Kudroli, Mangalore",₹1.52 Cr,1942 sqft,Super Area
"2 BHK Flat for Sale in Bejai Kapikad Road, Mangalore",₹1.15 Cr,1345 sqft,Super Area
1 BHK Flat for Sale in Mangalore,₹28 Lac,650 sqft,Carpet Area
"1 BHK Flat for Sale in Kulshekar, Mangalore",₹24 Lac,490 sqft,Super Area
"2 BHK Flat for Sale in Kaprigudda mens hostel, Mangalore",₹24 Lac,760 sqft,Super Area
"2 BHK Flat for Sale in Balmatta Road, Mangalore",₹50 Lac,1000 sqft,Super Area
"2 BHK Flat for Sale in Bejai New Road, Mangalore",₹1.15 Cr,1345 sqft,Super Area
"3 BHK Flat for Sale in Bejai, Mangalore",₹1.35 Cr,1589 sqft,Super Area
"2 BHK Flat for Sale in Bejai, Mangalore",₹1.15 Cr,1344 sqft,Super Area
"2 BHK Flat for Sale in Bejai, Mangalore",₹1.15 Cr,1345 sqft,Super Area
"2 BHK Flat for Sale in Bejai, Mangalore",₹1.05 Cr,1279 sqft,Super Area
"4 BHK Flat for Sale in Bejai New Road, Mangalore",₹1.85 Cr,2237 sqft,Super Area
"3 BHK Flat for Sale in Bejai New Road, Mangalore",₹1.50 Cr,1740 sqft,Super Area
"3 BHK Flat for Sale in Bejai New Road, Mangalore",₹1.35 Cr,1589 sqft,Super Area
"2 BHK Flat for Sale in Mannagudda, Mangalore",₹67 Lac,1250 sqft,Carpet Area
2 BHK Flat for Sale in Mangalore,₹23 Lac,980 sqft,Super Area
"2 BHK Flat for Sale in Mannagudda, Mangalore",₹35 Lac,1000 sqft,Super Area
2 BHK Flat for Sale in Mangalore,₹55 Lac,1133 sqft,Carpet Area
"2 BHK Flat for Sale in Kulai, Mangalore",₹80 Lac,1250 sqft,Super Area
"2 BHK Flat for Sale in Bejai, Mangalore",₹46 Lac,1035 sqft,Super Area
"2 BHK Flat for Sale in Kottara, Mangalore",₹45 Lac,808 sqft,Carpet Area
"2 BHK Flat for Sale in Kudroli, Mangalore",₹98 Lac,1224 sqft,Super Area
"3 BHK Flat for Sale in Hampankatta, Mangalore",₹98 Lac,1402 sqft,Super Area
"3 BHK Flat for Sale in Bejai, Mangalore",₹1.45 Cr,1600 sqft,Carpet Area
"2 BHK Flat for Sale in Bejai New Road, Mangalore",₹1.05 Cr,1279 sqft,Super Area
"1 BHK Flat for Sale in Shakti Nagar, Mangalore",₹28 Lac,560 sqft,Carpet Area
"3 BHK Flat for Sale in Pumpwell, Mangalore",₹65 Lac,1600 sqft,Carpet Area
"2 BHK Flat for Sale in Jeppinamogaru, Mangalore",₹43.5 Lac,1275 sqft,Super Area
"3 BHK Flat for Sale in Kodialbail, Mangalore",₹75 Lac,950 sqft,Carpet Area
"3 BHK Flat for Sale in Bejai, Mangalore",₹65 Lac,1505 sqft,Carpet Area
"1 BHK Flat for Sale in Derebail, Mangalore",₹38 Lac,770 sqft,Carpet Area
"2 BHK Flat for Sale in Shakti Nagar, Mangalore",₹45 Lac,1080 sqft,Super Area
3 BHK Flat for Sale in Mangalore,₹75 Lac,1572 sqft,Super Area
"3 BHK Flat for Sale in Kottara Chowk, Mangalore",₹78.4 Lac,1370 sqft,Super Area
"2 BHK Flat for Sale in Kadri Hills, Mangalore",₹98 Lac,1450 sqft,Super Area
"2 BHK Flat for Sale in Kottara, Mangalore",₹55 Lac,994 sqft,Super Area
"2 BHK Flat for Sale in Mannagudda, Mangalore",₹72 Lac,1275 sqft,Carpet Area
3 BHK Flat for Sale in Mangalore,₹1.20 Cr,1600 sqft,Carpet Area
"3 BHK Flat for Sale in Kankanady, Mangalore",₹87 Lac,1880 sqft,Carpet Area
"2 BHK Flat for Sale in Kulai, Mangalore",₹1.78 Cr,1121 sqft,Carpet Area
"2 BHK Flat for Sale in Bondel, Mangalore",₹27 Lac,800 sqft,Super Area
"3 BHK Flat for Sale in Kulai, Mangalore",₹2.65 Cr,1622 sqft,Carpet Area
"2 BHK Flat for Sale in Kottara Chowk, Mangalore",₹61.6 Lac,1065 sqft,Super Area
"2 BHK Flat for Sale in Kottara Chowk, Mangalore",₹61 Lac,1055 sqft,Super Area
"1 BHK Flat for Sale in Kottara Chowk, Mangalore",₹42.3 Lac,715 sqft,Super Area
"1 BHK Flat for Sale in Kottara Chowk, Mangalore",₹42.1 Lac,710 sqft,Super Area
"1 BHK Flat for Sale in Kottara Chowk, Mangalore",₹41.8 Lac,705 sqft,Super Area
"5 BHK Flat for Sale in Kadri, Mangalore",₹2.80 Cr,4775 sqft,Super Area
3 BHK Flat for Sale in Mangalore,₹75 Lac,1500 sqft,Carpet Area
"Studio Apartment for Sale in Kadri Hills, Mangalore",₹42 Lac,765 sqft,Carpet Area
"3 BHK Flat for Sale in Falnir, Mangalore",₹1.30 Cr,2100 sqft,Carpet Area
"1 BHK Flat for Sale in Bondel, Mangalore",₹21 Lac,650 sqft,Super Area
"2 BHK Flat for Sale in Shakti Nagar, Mangalore",₹52 Lac,1070 sqft,Carpet Area
2 BHK Flat for Sale in Mangalore,₹45 Lac,1100 sqft,Super Area
"2 BHK Flat for Sale in Kulai, Mangalore",₹65 Lac,906 sqft,Carpet Area
"3 BHK Flat for Sale in Padil, Mangalore",₹85 Lac,1500 sqft,Carpet Area
"3 BHK Flat for Sale in Alape, Mangalore",₹50 Lac,1060 sqft,Carpet Area
"3 BHK Flat for Sale in Kotekani, Mangalore",₹80 Lac,1500 sqft,Carpet Area
"3 BHK Flat for Sale in Bajpe, Mangalore",₹69 Lac,2000 sqft,Super Area
"3 BHK Flat for Sale in Bejai New Road, Mangalore",₹70 Lac,1350 sqft,Super Area
"5 BHK Flat for Sale in Kulai, Mangalore",₹11.05 Cr,"10,956 sqft",Super Area
"5 BHK Flat for Sale in Kulai, Mangalore",₹11.41 Cr,"10,956 sqft",Super Area
"4 BHK Flat for Sale in Kulai, Mangalore",₹7.40 Cr,7314 sqft,Super Area
"4 BHK Flat for Sale in Kulai, Mangalore",₹7.21 Cr,7124 sqft,Super Area
"4 BHK Flat for Sale in Kulai, Mangalore",₹5.05 Cr,4956 sqft,Super Area
"4 BHK Flat for Sale in Kulai, Mangalore",₹4.75 Cr,4657 sqft,Super Area
"4 BHK Flat for Sale in Kulai, Mangalore",₹4.91 Cr,4817 sqft,Super Area
"3 BHK Flat for Sale in Ashok Nagar, Mangalore",₹1.20 Cr,1435 sqft,Carpet Area
"3 BHK Flat for Sale in Kulai, Mangalore",₹3.57 Cr,2141 sqft,Carpet Area
"2 BHK Flat for Sale in Urwa, Mangalore",₹90 Lac,1650 sqft,Carpet Area
"2 BHK Flat for Sale in Kodailbail, Mangalore",₹50 Lac,1200 sqft,Super Area
"2 BHK Flat for Sale in Ullal, Mangalore",₹25 Lac,870 sqft,Carpet Area
"3 BHK Flat for Sale in Kadri Hills, Mangalore",₹1.05 Cr,1565 sqft,Super Area
2 BHK Flat for Sale in Mangalore,₹55 Lac,1300 sqft,Carpet Area
2 BHK Flat for Sale in Mangalore,₹65 Lac,1200 sqft,Carpet Area
"2 BHK Flat for Sale in Alape, Mangalore",₹35 Lac,850 sqft,Carpet Area
"2 BHK Flat for Sale in Bikarnakatta, Mangalore",₹65 Lac,1243 sqft,Super Area
"1 BHK Flat for Sale in Surathkal, Mangalore",₹45 Lac,700 sqft,Carpet Area
"2 BHK Flat for Sale in Attavar, Mangalore",₹38 Lac,1100 sqft,Super Area
"3 BHK Flat for Sale in Nanthoor, Mangalore",₹1.55 Cr,2300 sqft,Super Area
"2 BHK Flat for Sale in Nanthoor, Mangalore",₹94.8 Lac,1405 sqft,Super Area
"3 BHK Flat for Sale in Nanthoor, Mangalore",₹1.55 Cr,2300 sqft,Super Area
"2 BHK Flat for Sale in Pumpwell, Mangalore",₹81.4 Lac,1224 sqft,Super Area
"3 BHK Flat for Sale in Kankanady Bypass Road, Mangalore",₹1.08 Cr,1646 sqft,Super Area
"3 BHK Flat for Sale in Kankanady Bypass Road, Mangalore",₹1.18 Cr,1831 sqft,Super Area
"4 BHK Flat for Sale in Kankanady Bypass Road, Mangalore",₹2.08 Cr,2870 sqft,Super Area
"2 BHK Flat for Sale in Pumpwell, Mangalore",₹81.4 Lac,1224 sqft,Super Area
"2 BHK Flat for Sale in Kankanady Bypass Road, Mangalore",₹81.4 Lac,1224 sqft,Super Area
"3 BHK Flat for Sale in Kadri, Mangalore",₹2.25 Cr,3300 sqft,Carpet Area
"3 BHK Flat for Sale in Bejai, Mangalore",₹96 Lac,1410 sqft,Carpet Area
"2 BHK Flat for Sale in Bejai, Mangalore",₹77 Lac,1196 sqft,Carpet Area
"2 BHK Flat for Sale in Kodailbail, Mangalore",₹52 Lac,900 sqft,Super Area
"2 BHK Flat for Sale in Vamanjoor, Mangalore",Call for Price,1060 sqft,Carpet Area
"2 BHK Flat for Sale in Nanthoor, Mangalore",₹47 Lac,1130 sqft,Carpet Area
"3 BHK Flat for Sale in Kulshekar, Mangalore",₹70 Lac,1570 sqft,Super Area
"5 BHK Flat for Sale in Kadri, Mangalore",₹2.80 Cr,5055 sqft,Carpet Area
"3 BHK Flat for Sale in Bendoor, Mangalore",₹90 Lac,2300 sqft,Super Area
2 BHK Flat for Sale in Mangalore,₹68 Lac,1500 sqft,Carpet Area
"3 BHK Flat for Sale in Derebail, Mangalore",₹85 Lac,1350 sqft,Carpet Area
"2 BHK Flat for Sale in Urwa, Mangalore",₹920.46 Cr,1190 sqft,Super Area
"3 BHK Flat for Sale in Urwa, Mangalore",₹1812.78 Cr,1670 sqft,Super Area
"3 BHK Flat for Sale in Yeyyadi, Mangalore",₹65.3 Lac,1360 sqft,Carpet Area
"2 BHK Flat for Sale in Shakti Nagar, Mangalore",₹25 Lac,850 sqft,Super Area
"2 BHK Flat for Sale in Urwa, Mangalore",₹55 Lac,1100 sqft,Carpet Area
3 BHK Flat for Sale in Mangalore,₹1.05 Cr,1965 sqft,Carpet Area
"2 BHK Flat for Sale in Gandhi Nagar, Mangalore",₹81 Lac,1375 sqft,Super Area
"2 BHK Flat for Sale in Yeyyadi, Mangalore",₹60 Lac,1338 sqft,Carpet Area
"3 BHK Flat for Sale in Gandhi Nagar, Mangalore",₹96 Lac,1695 sqft,Carpet Area
"2 BHK Flat for Sale in Kulai, Mangalore",₹80 Lac,1225 sqft,Super Area
"2 BHK Flat for Sale in Padukodi, Mangalore",₹56 Lac,800 sqft,Carpet Area
"2 BHK Flat for Sale in Derebail, Mangalore",₹55 Lac,1091 sqft,Super Area
"3 BHK Flat for Sale in Bolar, Mangalore",₹1.20 Cr,1600 sqft,Super Area
"2 BHK Flat for Sale in Bejai, Mangalore",₹94.2 Lac,1225 sqft,Super Area
"2 BHK Flat for Sale in Bunder, Mangalore",₹35 Lac,1000 sqft,Carpet Area
"4 BHK Flat for Sale in Kudroli, Mangalore",₹3.77 Cr,4054 sqft,Super Area
"4 BHK Flat for Sale in Kudroli, Mangalore",₹3.98 Cr,4291 sqft,Super Area
"30490 Sq. ft Plot for Sale in Moodabidiri, Mangalore",1.20 Crore,30490 sqft,Super Area
"3 BHK 1309 Sq. ft Apartment for Sale in Kadri, Mangalore",60 Lakhs,1309 sqft,Super Area
"2 BHK 1065 Sq.ft, Apartment for Sale in Bikarnakatte Kaikamba, Mangalore",53.43 Lakh,1065 sqft,Super Area
"2 BHK Apartment for Sale in Kulai, Mangalore",59.68 Lakh,975 sqft,Super Area
"2 BHK Apartment for Sale in Derebail, Mangalore",71.99 Lakh,1210 sqft,Super Area
"2 BHK 1224 Sqft Apartment for Sale in Alake, Mangalore",85.68 Lakh,1224 sqft,Super Area
"3 BHK 2363 Sqft Apartment for Sale in Chilambi, Mangalore",1.90 Crore,2363 sqft,Super Area
"3 BHK 2074 Sqft Apartment for Sale in Alake, Mangalore",1.45 Crore,2074 sqft,Super Area
"3 BHK 2299 Sqft Apartment for Sale in Chilambi, Mangalore",1.80 Crore,2299 sqft,Super Area
"4 BHK Apartment for Sale in Nanthoor, Mangalore",1.97 Crore,2969 sqft,Super Area
"2 BHK 1115 Sq.ft, Apartment for Sale in Derebail, Mangalore",66.34 Lakh,1115 sqft,Super Area
"4 BHK Apartment for Sale in Kadri, Mangalore",3.96 Crore,6600 sqft,Super Area
"2 BHK Apartment for Sale in Bejai, Mangalore",81.72 Lakh,1135 sqft,Super Area
"4 BHK 2645 Sqft Apartment for Sale in Bendoor, Mangalore",1.97 Crore,2645 sqft,Super Area
"4 BHK 3366 Sqft Apartment for Sale in Chilambi, Mangalore",2.62 Crore,3366 sqft,Super Area
"4 BHK Apartment for Sale in Chilambi, Mangalore",2.78 Crore,3478 sqft,Super Area
"3 BHK 1490 Sqft Apartment for Sale in Bikarnakatte Kaikamba, Mangalore",74.75 Lakh,1490 sqft,Super Area
"3 BHK 1612 Sqft Apartment for Sale in Bendoor, Mangalore",1.20 Crore,1612 sqft,Super Area
"3 BHK Apartment for Sale in Nanthoor, Mangalore",1.20 Crore,1807 sqft,Super Area
"4 BHK 4293 Sqft Apartment for Sale in Alake, Mangalore",3 Crores,4293 sqft,Super Area
"2 BHK 1262 Sqft Apartment for Sale in Kodailbail, Mangalore.",60.45 Lakh,1262 sqft,Super Area
"1 BHK 670 Sqft Apartment for Sale in Urva, Mangalore",32.16 Lakh,670 sqft,Super Area
"3 BHK 2100 Sqft Apartment for Sale in Bikarnakatte Kaikamba, Mangalore",1.15 Crore,2100 sqft,Super Area
"2 BHK 1050 Sq.ft, Apartment for Sale in Kottara, Mangalore",52.50 Lakh,1050 sqft,Super Area
"3 BHK 1380 Sqft Apartment for Sale in Derebail, Mangalore",62.10 Lakh,1380 sqft,Super Area
"3 BHK Apartment for Sale in Derebail, Mangalore",61.87 Lakh,1375 sqft,Super Area
"3 BHK Apartment for Sale in Kadri, Mangalore",1.40 Crore,2014 sqft,Super Area
"1 BHK 653 Sqft Apartment for Sale in Pandeshwar, Mangalore",27.42 Lakh,653 sqft,Super Area
"2 BHK 1010 Sqft Apartment for Sale in Bejai-Kapikad Road, Mangalore",50.68 Lakh,1010 sqft,Super Area
"1 BHK 677 Sqft Apartment for Sale in Bejai, Mangalore",45 Lakhs,677 sqft,Super Area
"1 BHK 698 Sqft Apartment for Sale in Bejai, Mangalore",46.39 Lakh,698 sqft,Super Area
"1 BHK 680 Sqft Apartment for Sale in Bejai-Kapikad Road, Mangalore",34.12 Lakh,680 sqft,Super Area
"3 BHK 1410 Sqft Apartment for Sale in Neermarga, Mangalore",43.11 Lakh,1410 sqft,Super Area
"1 BHK 660 Sqft Apartment for Sale in Bejai-Kapikad Road, Mangalore",33.11 Lakh,660 sqft,Super Area
"2 BHK 1091 Sqft Apartment for Sale in Derebail, Mangalore",50.69 Lakh,1091 sqft,Super Area
"2 BHK 950 Sqft Apartment for Sale in Bondel, Mangalore",38 Lakhs,950 sqft,Super Area
"3 BHK 1440 Sqft Apartment for Sale in Attavar, Mangalore",64.80 Lakh,1440 sqft,Super Area
"2 BHK 1000 Sqft Apartment for Sale in Kadri, Mangalore",55 Lakhs,1000 sqft,Super Area
"3500 Sq.ft Plot for Sale in Kulai, Mangalore",52.50 Lakh,3500 sqft,Super Area
"3 BHK 1600 Sqft Apartment for Sale in Gandhi Nagar, Mangalore",80 Lakhs,1600 sqft,Super Area
"2 BHK 900 Sqft Apartment for Sale in Kankanady, Mangalore",34.20 Lakh,900 sqft,Super Area
"3 BHK 1240 Sqft Apartment for Sale in Bejai-Kapikad Road, Mangalore",62.22 Lakh,1240 sqft,Super Area
"2 BHK 1020 Sq.ft, Apartment for Sale in Yeyyadi, Mangalore",43.35 Lakh,1020 sqft,Super Area
"2 BHK 1045 Sqft Apartment for Sale in Chilambi, Mangalore",73.15 Lakh,1045 sqft,Super Area
"2 BHK 1105 Sq.ft, Apartment for Sale in Urva, Mangalore",53.04 Lakh,1105 sqft,Super Area
"1 BHK 670 Sqft Apartment for Sale in Urva, Mangalore",32.16 Lakh,670 sqft,Super Area
"3 BHK Apartment for Sale in Chilambi, Mangalore",1.09 Crore,1565 sqft,Super Area
"3 BHK Apartment for Sale in Kadri, Mangalore",2.18 Crore,3118 sqft,Super Area
"2 BHK 1180 Sqft Apartment for Sale in Kinnigoli, Mangalore",34.22 Lakh,1180 sqft,Super Area
"2 BHK 875 Sqft Apartment for Sale in Shaktinagar, Mangalore",32.81 Lakh,875 sqft,Super Area
"2 BHK 1130 Sqft Apartment for Sale in Mulki, Mangalore",34.99 Lakh,1130 sqft,Super Area
"3 BHK 1695 Sqft Apartment for Sale in Kadri Kambla, Mangalore",84.75 Lakh,1695 sqft,Super Area
"3 BHK 1600 Sqft Apartment for Sale in Kapikad, Mangalore",72 Lakhs,1600 sqft,Super Area
"3 BHK 1600 Sqft Villa for Sale in Kulai, Mangalore",80 Lakhs,1600 sqft,Super Area
"1 BHK 653 Sqft Apartment for Sale in Pandeshwar, Mangalore",27.42 Lakh,653 sqft,Super Area
"3500 Sq.ft Plot for Sale in Kulai, Mangalore",52.50 Lakh,3500 sqft,Super Area
"3 BHK 1460 Sqft Apartment for Sale in Kankanady, Mangalore",73 Lakhs,1460 sqft,Super Area
"3 BHK 1648 Sqft Apartment for Sale in Konchady, Mangalore",82.40 Lakh,1648 sqft,Super Area
"2 BHK 1010 Sqft Apartment for Sale in Bejai-Kapikad Road, Mangalore",50.68 Lakh,1010 sqft,Super Area
"1 BHK 565 Sqft Apartment for Sale in Mulki, Mangalore",15.84 Lakh,565 sqft,Super Area
"1 BHK 677 Sqft Apartment for Sale in Bejai, Mangalore",45 Lakhs,677 sqft,Super Area
"1 BHK 698 Sqft Apartment for Sale in Bejai, Mangalore",46.39 Lakh,698 sqft,Super Area
"1 BHK 680 Sqft Apartment for Sale in Bejai-Kapikad Road, Mangalore",34.12 Lakh,680 sqft,Super Area
"2 BHK 1105 Sq.ft, Apartment for Sale in Urva, Mangalore",53.04 Lakh,1105 sqft,Super Area
"3 BHK Apartment for Sale in Kadri, Mangalore",1.40 Crore,2014 sqft,Super Area
"2 BHK 1150 Sqft Apartment for Sale in Konchady, Mangalore",46 Lakhs,1150 sqft,Super Area
"3 BHK 1526 Sq.ft, Apartment for Sale in Chilambi, Mangalore",1.06 Crore,1526 sqft,Super Area
"2 BHK Apartment for Sale in Konchady, Mangalore",46 Lakhs,1100 sqft,Super Area
"3 BHK 1900 Sq.ft, Apartment for Sale in Kadri, Mangalore",1.28 Crore,1900 sqft,Super Area
"2 BHK 1155 Sqft Apartment for Sale in Neermarga, Mangalore",35.31 Lakh,1155 sqft,Super Area
"4 BHK 2905 Sqft Apartment for Sale in Chilambi, Mangalore",1.59 Crore,2905 sqft,Super Area
"4+ BHK 4395 Sqft Apartment for Sale in Chilambi, Mangalore",2.41 Crore,4395 sqft,Super Area
"2 BHK 930 Sqft Apartment for Sale in Vamanjoor, Mangalore",32.55 Lakh,930 sqft,Super Area
"3 BHK 1525 Sqft Apartment for Sale in Kottara, Mangalore",67.10 Lakh,1525 sqft,Super Area
"3 BHK 1560 Sqft Apartment for Sale in Kottara, Mangalore",68.64 Lakh,1560 sqft,Super Area
"3 BHK 1500 Sqft Apartment for Sale in Kottara, Mangalore",66 Lakhs,1500 sqft,Super Area
"3 BHK 1713 Sqft Apartment for Sale in Bejai, Mangalore",1.13 Crore,1713 sqft,Super Area
"2 BHK 1185 Sqft Apartment for Sale in Neermarga, Mangalore",36.23 Lakh,1185 sqft,Super Area
"3 BHK 1360 Sqft Apartment for Sale in Derebail, Mangalore",66.90 Lakh,1360 sqft,Super Area
"3500 Sq.ft Plot for Sale in Kulai, Mangalore",52.50 Lakh,3500 sqft,Super Area
"4 BHK 2969 Sqft Apartment for Sale in Nanthoor, Mangalore",1.78 Crore,2969 sqft,Super Area
"2 BHK 1190 Sqft Apartment for Sale in Neermarga, Mangalore",36.39 Lakh,1190 sqft,Super Area
"3 BHK 1331 Sqft Apartment for Sale in Derebail, Mangalore",64.68 Lakh,1331 sqft,Super Area
"2 BHK 1050 Sqft Apartment for Sale in Kottara, Mangalore",46.20 Lakh,1050 sqft,Super Area
"3 BHK 1535 Sqft Apartment for Sale in Maroli, Mangalore",80 Lakhs,1535 sqft,Super Area
"1 BHK 600 Sqft Apartment for Sale in Kotekar, Mangalore",22 Lakhs,600 sqft,Super Area
"2 BHK 1045 Sqft Apartment for Sale in Chilambi, Mangalore",73.15 Lakh,1045 sqft,Super Area
"3 BHK Apartment for Sale in Derebail, Mangalore",82 Lakhs,1770 sqft,Super Area
"2 BHK Apartment for Sale in Surathkal, Mangalore",64.25 Lakh,1285 sqft,Super Area
"3 BHK Apartment for Sale in Kadri, Mangalore",2.18 Crore,3118 sqft,Super Area
"4 BHK 2969 Sqft Apartment for Sale in Nanthoor, Mangalore",1.78 Crore,2969 sqft,Super Area
"2 BHK 1190 Sqft Apartment for Sale in Neermarga, Mangalore",36.39 Lakh,1190 sqft,Super Area
"3 BHK 1331 Sqft Apartment for Sale in Derebail, Mangalore",64.68 Lakh,1331 sqft,Super Area
"2 BHK 1185 Sqft Apartment for Sale in Bolar, Mangalore",47.40 Lakh,1185 sqft,Super Area
"3 BHK 1315 Sqft Apartment for Sale in Bondel, Mangalore",46.02 Lakh,1315 sqft,Super Area
"2 BHK 1140 Sqft Apartment for Sale in Ashok Nagar, Mangalore",52.44 Lakh,1140 sqft,Super Area
"3 BHK 1320 Sqft Apartment for Sale in Bejai, Mangalore",70.84 Lakh,1320 sqft,Super Area
"3 BHK 1500 Sqft Apartment for Sale in Bejai, Mangalore",80.50 Lakh,1500 sqft,Super Area
"2 BHK 1050 Sqft Apartment for Sale in Kottara, Mangalore",46.20 Lakh,1050 sqft,Super Area
"2 BHK 1020 Sqft Apartment for Sale in Hoige Bail, Mangalore",43 Lakhs,1020 sqft,Super Area
"2 BHK 1120 Sqft Apartment for Sale in Gandhi Nagar, Mangalore",72.80 Lakh,1120 sqft,Super Area
"2 BHK 1090 Sqft Apartment for Sale in Jeppinamogaru, Mangalore",43.60 Lakh,1090 sqft,Super Area
"3 BHK 1750 Sqft Apartment for Sale in Kankanady, Mangalore",87.50 Lakh,1750 sqft,Super Area
"2 BHK 960 Sqft Apartment for Sale in Kankanady, Mangalore",48 Lakhs,960 sqft,Super Area
"2 BHK 1020 Sqft Apartment for Sale in Mulki, Mangalore",31.58 Lakh,1020 sqft,Super Area
"3 BHK 1608 Sqft Apartment for Sale in Surathkal, Mangalore",80.40 Lakh,1608 sqft,Super Area
"3 BHK 1320 Sqft Apartment for Sale in Shaktinagar, Mangalore",54.12 Lakh,1320 sqft,Super Area
"2 BHK Apartment for Sale in Surathkal, Mangalore",64.25 Lakh,1285 sqft,Super Area
"2 BHK 1150 Sqft Apartment for Sale in Konchady, Mangalore",46 Lakhs,1150 sqft,Super Area
"2 BHK 1254 Sq.ft, Apartment for Sale in Surathkal, Mangalore",62.70 Lakh,1254 sqft,Super Area
"2 BHK Apartment for Sale in Derebail, Mangalore",57.50 Lakh,1150 sqft,Super Area
"2 BHK 1185 Sqft Apartment for Sale in Bolar, Mangalore",47.40 Lakh,1185 sqft,Super Area
"2 BHK 1140 Sqft Apartment for Sale in Ashok Nagar, Mangalore",52.44 Lakh,1140 sqft,Super Area
"3 BHK 1315 Sqft Apartment for Sale in Bondel, Mangalore",46.02 Lakh,1315 sqft,Super Area
"2 BHK 1195 Sqft Apartment for Sale in Kottara, Mangalore",52.58 Lakh,1195 sqft,Super Area
"2 BHK 1050 Sqft Apartment for Sale in Kottara, Mangalore",46.20 Lakh,1050 sqft,Super Area
"3 BHK 1320 Sqft Apartment for Sale in Bejai, Mangalore",70.84 Lakh,1320 sqft,Super Area
"3 BHK 1500 Sqft Apartment for Sale in Bejai, Mangalore",80.50 Lakh,1500 sqft,Super Area
"4 BHK 2511 Sqft Apartment for Sale in Mannagudda, Mangalore",1.61 Crore,2511 sqft,Super Area
"2 BHK 1020 Sqft Apartment for Sale in Bejai, Mangalore",54.74 Lakh,1020 sqft,Super Area
"1 BHK 655 Sqft Apartment for Sale in Bejai, Mangalore",35.15 Lakh,655 sqft,Super Area
"2 BHK 1020 Sqft Apartment for Sale in Hoige Bail, Mangalore",43 Lakhs,1020 sqft,Super Area
"2 BHK 1120 Sqft Apartment for Sale in Gandhi Nagar, Mangalore",72.80 Lakh,1120 sqft,Super Area
"4 BHK 2593 Sqft Apartment for Sale in Nanthoor, Mangalore",1.55 Crore,2593 sqft,Super Area
"1 BHK 562 Sqft Apartment for Sale in Valencia, Mangalore",26.69 Lakh,562 sqft,Super Area
"2 BHK 1090 Sqft Apartment for Sale in Jeppinamogaru, Mangalore",43.60 Lakh,1090 sqft,Super Area
"2 BHK Apartment for Sale in Shaktinagar, Mangalore",45.10 Lakh,1100 sqft,Super Area
"2 BHK 975 Sq.ft, Apartment for Sale in Kodikal, Mangalore",52.65 Lakh,975 sqft,Super Area
"2 BHK 1150 Sqft Apartment for Sale in Konchady, Mangalore",46 Lakhs,1150 sqft,Super Area
"3 BHK Apartment for Sale in Bejai, Mangalore",80.40 Lakh,1608 sqft,Super Area
"1 BHK 659 Sqft Apartment for Sale in Bejai, Mangalore",32.95 Lakh,659 sqft,Super Area
"3 BHK 1691 Sqft Apartment for Sale in Bejai, Mangalore",84.55 Lakh,1691 sqft,Super Area
"2 BHK 1050 Sqft Apartment for Sale in Kavoor, Mangalore",45 Lakhs,1050 sqft,Super Area
"3 BHK 1395 Sqft Apartment for Sale in Kavoor, Mangalore",55 Lakhs,1395 sqft,Super Area
"4 BHK 2969 Sqft Apartment for Sale in Nanthoor, Mangalore",1.78 Crore,2969 sqft,Super Area
"2 BHK 1190 Sqft Apartment for Sale in Neermarga, Mangalore",36.39 Lakh,1190 sqft,Super Area
"2 BHK 1185 Sqft Apartment for Sale in Mallikatte, Mangalore",72.36 Lakh,1185 sqft,Super Area
"2 BHK 1185 Sqft Apartment for Sale in Bolar, Mangalore",47.40 Lakh,1185 sqft,Super Area
"3 BHK 1331 Sqft Apartment for Sale in Derebail, Mangalore",64.68 Lakh,1331 sqft,Super Area
"3 BHK 1315 Sqft Apartment for Sale in Bondel, Mangalore",46.02 Lakh,1315 sqft,Super Area
"2 BHK 1140 Sqft Apartment for Sale in Ashok Nagar, Mangalore",52.44 Lakh,1140 sqft,Super Area
"3 BHK 1320 Sqft Apartment for Sale in Bejai, Mangalore",70.84 Lakh,1320 sqft,Super Area
"3 BHK 1500 Sqft Apartment for Sale in Bejai, Mangalore",80.50 Lakh,1500 sqft,Super Area
"2 BHK 1195 Sqft Apartment for Sale in Kottara, Mangalore",52.58 Lakh,1195 sqft,Super Area
"2 BHK 1050 Sqft Apartment for Sale in Kottara, Mangalore",46.20 Lakh,1050 sqft,Super Area
"2 BHK 1020 Sqft Apartment for Sale in Hoige Bail, Mangalore",43 Lakhs,1020 sqft,Super Area
"2 BHK 1120 Sqft Apartment for Sale in Gandhi Nagar, Mangalore",72.80 Lakh,1120 sqft,Super Area
"3484 Sqft Plot for Sale in Moodabidiri, Mangalore",22 Lakhs,3484 sqft,Super Area
"2 BHK Apartment for Sale in Konchady, Mangalore",46 Lakhs,1100 sqft,Super Area
"2 BHK 1045 Sqft Apartment for Sale in Chilambi, Mangalore",73.15 Lakh,1045 sqft,Super Area
"2 BHK Apartment for Sale in Derebail, Mangalore",57.50 Lakh,1150 sqft,Super Area
"3 BHK Apartment for Sale in Bejai, Mangalore",80.40 Lakh,1608 sqft,Super Area
"1 BHK Apartment for Sale in Surathkal, Mangalore",30 Lakhs,710 sqft,Super Area
"3 BHK 1410 Sqft Apartment for Sale in Neermarga, Mangalore",43.11 Lakh,1410 sqft,Super Area
"1 BHK 680 Sqft Apartment for Sale in Bejai-Kapikad Road, Mangalore",34.12 Lakh,680 sqft,Super Area
"2 BHK 1185 Sqft Apartment for Sale in Neermarga, Mangalore",36.23 Lakh,1185 sqft,Super Area
"1 BHK 660 Sqft Apartment for Sale in Bejai-Kapikad Road, Mangalore",33.11 Lakh,660 sqft,Super Area
"3 BHK 1360 Sqft Apartment for Sale in Derebail, Mangalore",66.90 Lakh,1360 sqft,Super Area
"2 BHK 1091 Sqft Apartment for Sale in Derebail, Mangalore",50.69 Lakh,1091 sqft,Super Area
"2 BHK 1050 Sqft Apartment for Sale in Kavoor, Mangalore",45 Lakhs,1050 sqft,Super Area
"3 BHK 1395 Sqft Apartment for Sale in Kavoor, Mangalore",55 Lakhs,1395 sqft,Super Area
"4 BHK 2969 Sqft Apartment for Sale in Nanthoor, Mangalore",1.78 Crore,2969 sqft,Super Area
"3 BHK 1460 Sqft Apartment for Sale in Kankanady, Mangalore",73 Lakhs,1460 sqft,Super Area
"2 BHK 1185 Sqft Apartment for Sale in Mallikatte, Mangalore",72.36 Lakh,1185 sqft,Super Area
"2 BHK 1195 Sqft Apartment for Sale in Kottara, Mangalore",52.58 Lakh,1195 sqft,Super Area
"3 BHK 1648 Sqft Apartment for Sale in Konchady, Mangalore",82.40 Lakh,1648 sqft,Super Area
"2 BHK 1050 Sqft Apartment for Sale in Kottara, Mangalore",46.20 Lakh,1050 sqft,Super Area
"3 BHK 1240 Sqft Apartment for Sale in Bejai-Kapikad Road, Mangalore",62.22 Lakh,1240 sqft,Super Area
"3 BHK Apartment for Sale in Kadri, Mangalore",49.13 Lakh,1515 sqft,Super Area
"1 BHK Apartment for Sale in Surathkal, Mangalore",30 Lakhs,710 sqft,Super Area
"3 BHK 1320 Sqft Apartment for Sale in Shaktinagar, Mangalore",54.12 Lakh,1320 sqft,Super Area
"2 BHK Apartment for Sale in Bondel, Mangalore",26.12 Lakh,736 sqft,Super Area
"3 BHK Apartment for Sale in Kadri, Mangalore",44.10 Lakh,1360 sqft,Super Area
"2 BHK Apartment for Sale in Mary Hill, Mangalore",29.68 Lakh,1060 sqft,Super Area
"3 BHK 1240 Sqft Apartment for Sale in Bejai-Kapikad Road, Mangalore",62.22 Lakh,1240 sqft,Super Area
"2 BHK 1180 Sqft Apartment for Sale in Neermarga, Mangalore",36.08 Lakh,1180 sqft,Super Area
"2 BHK 1093 Sqft Apartment for Sale in Derebail, Mangalore",50.79 Lakh,1093 sqft,Super Area
"1 BHK 565 Sqft Apartment for Sale in Mulki, Mangalore",15.84 Lakh,565 sqft,Super Area
"3 BHK 1640 Sqft Apartment for Sale in Mallikatte, Mangalore",1 Crore,1640 sqft,Super Area
"2 BHK 1130 Sqft Apartment for Sale in Kadri, Mangalore",50.85 Lakh,1130 sqft,Super Area
"3 BHK 1755 Sqft Apartment for Sale in Kadri, Mangalore",78.97 Lakh,1755 sqft,Super Area
"2 BHK 1175 Sqft Apartment for Sale in Kottara, Mangalore",51.70 Lakh,1175 sqft,Super Area
"2 BHK 1155 Sqft Apartment for Sale in Neermarga, Mangalore",35.31 Lakh,1155 sqft,Super Area
"4+ BHK 4395 Sqft Apartment for Sale in Chilambi, Mangalore",2.41 Crore,4395 sqft,Super Area
"4 BHK 2905 Sqft Apartment for Sale in Chilambi, Mangalore",1.59 Crore,2905 sqft,Super Area
"2 BHK 1190 Sqft Apartment for Sale in Neermarga, Mangalore",36.39 Lakh,1190 sqft,Super Area
"3 BHK 1331 Sqft Apartment for Sale in Derebail, Mangalore",64.68 Lakh,1331 sqft,Super Area
"3 BHK 1600 Sqft Apartment for Sale in Kottara, Mangalore",76 Lakhs,1600 sqft,Super Area
"2 BHK 915 Sqft Apartment for Sale in Ashok Nagar, Mangalore",39.34 Lakh,915 sqft,Super Area
"3 BHK Apartment for Sale in Kadri, Mangalore",49.13 Lakh,1515 sqft,Super Area
"2 BHK Apartment for Sale in Attavar, Mangalore",51.80 Lakh,1295 sqft,Super Area
"2 BHK 955 Sqft Apartment for Sale in Bondel, Mangalore",33.90 Lakh,955 sqft,Super Area
"2 BHK Apartment for Sale in Bondel, Mangalore",26.12 Lakh,736 sqft,Super Area
"2 BHK Apartment for Sale in Attavar, Mangalore",42.60 Lakh,1065 sqft,Super Area
"1100 Sq.ft Plot for Sale in Puttur, Mangalore",20 Lakhs,1100 sqft,Super Area
"3 BHK 1425 Sqft Apartment for Sale in Bantwal, Mangalore",42.75 Lakh,1425 sqft,Super Area
"3 BHK 1385 Sqft Apartment for Sale in Bolar, Mangalore",59.55 Lakh,1385 sqft,Super Area
"1 BHK 696 Sqft Apartment for Sale in Derebail, Mangalore",25.05 Lakh,696 sqft,Super Area
"4 BHK 1900 Sqft Villa for Sale in Kulai, Mangalore",95 Lakhs,1900 sqft,Super Area
"2 BHK 975 Sqft Apartment for Sale in Bejai-Kapikad Road, Mangalore",48.92 Lakh,975 sqft,Super Area
"3 BHK 1325 Sqft Apartment for Sale in Kankanady, Mangalore",50.35 Lakh,1325 sqft,Super Area
"2 BHK 1160 Sqft Apartment for Sale in Jeppinamogaru, Mangalore",46.40 Lakh,1160 sqft,Super Area
"3 BHK 1410 Sqft Apartment for Sale in Kottara, Mangalore",70.50 Lakh,1410 sqft,Super Area
"2 BHK 1080 Sqft Apartment for Sale in Moodabidiri, Mangalore",33.48 Lakh,1080 sqft,Super Area
"1 BHK 700 Sqft Apartment for Sale in Kadri, Mangalore",38.50 Lakh,700 sqft,Super Area
"1 BHK 545 Sqft Apartment for Sale in Mulki, Mangalore",16.87 Lakh,545 sqft,Super Area
"2 BHK 1196 Sqft Apartment for Sale in Bejai, Mangalore",79.49 Lakh,1196 sqft,Super Area
"3 BHK 1645 Sqft Apartment for Sale in Kapikad, Mangalore",74.02 Lakh,1645 sqft,Super Area
"2 BHK Apartment for Sale in Kulai, Mangalore",80.61 Lakh,1225 sqft,Super Area
"3 BHK Apartment for Sale in Kadri, Mangalore",52.81 Lakh,1515 sqft,Super Area
"1100 Sq.ft Plot for Sale in Puttur, Mangalore",20 Lakhs,1100 sqft,Super Area
"2 BHK Apartment for Sale in Derebail, Mangalore",67.18 Lakh,1285 sqft,Super Area
"3 BHK Apartment for Sale in Kadri, Mangalore",40.79 Lakh,1360 sqft,Super Area
"3 BHK 1380 Sqft Apartment for Sale in Derebail, Mangalore",73 Lakhs,1380 sqft,Super Area
"4+ BHK Apartment for Sale in Shivabaugh, Mangalore",4.73 Crore,6568 sqft,Super Area
"2 BHK Apartment for Sale in Kulai, Mangalore",59.68 Lakh,975 sqft,Super Area
"2 BHK Apartment for Sale in Kulai, Mangalore",74.99 Lakh,1225 sqft,Super Area
"2 BHK 1225 Sq.ft, Apartment for Sale in Kulai, Mangalore",74.99 Lakh,1225 sqft,Super Area
"3 BHK Apartment for Sale in Shivabaugh, Mangalore",2.03 Crore,2622 sqft,Super Area
"4 BHK Apartment for Sale in Shivabaugh, Mangalore",2.91 Crore,3763 sqft,Super Area
"4+ BHK Apartment for Sale in Shivabaugh, Mangalore",3.91 Crore,5052 sqft,Super Area
"3 BHK Apartment for Sale in Shivabaugh, Mangalore",2.03 Crore,2630 sqft,Super Area
"4+ BHK Apartment for Sale in Shivabaugh, Mangalore",5.09 Crore,6568 sqft,Super Area
"4+ BHK Apartment for Sale in Shivabaugh, Mangalore",5.03 Crore,6500 sqft,Super Area
"4 BHK Apartment for Sale in Shivabaugh, Mangalore",2.82 Crore,3640 sqft,Super Area
"2 BHK 1390 Sq.ft, Apartment for Sale in Derebail, Mangalore",64.87 Lakh,1390 sqft,Super Area
"2 BHK 1155 Sq. ft Apartment for Sale in Kuloor, Mangalore",46 Lakhs,1155 sqft,Super Area
"2 BHK 1100 Sq.ft, Apartment for Sale in Kadri, Mangalore",35.67 Lakh,1100 sqft,Super Area
"1 BHK 786 Sq.ft, Apartment for Sale in Mary Hill, Mangalore",22 Lakhs,786 sqft,Super Area
"1 BHK 512 Sq.ft, Apartment for Sale in Attavar, Mangalore",20.48 Lakh,512 sqft,Super Area
"3 BHK 1265 Sq.ft, Apartment for Sale in Attavar, Mangalore",50.60 Lakh,1265 sqft,Super Area
"3 BHK Apartment for Sale in Kadri, Mangalore",87.05 Lakh,1665 sqft,Super Area
"3 BHK Apartment for Sale in Kottara, Mangalore",1.30 Crore,1835 sqft,Super Area
"2 BHK Apartment for Sale in Kadri, Mangalore",28.79 Lakh,960 sqft,Super Area
"4+ BHK Apartment for Sale in Shivabaugh, Mangalore",4.73 Crore,6568 sqft,Super Area
"1 BHK 659 Sqft Apartment for Sale in Derebail, Mangalore",34.46 Lakh,659 sqft,Super Area
"3 BHK Apartment for Sale in Attavar, Mangalore",68 Lakhs,1180 sqft,Super Area
"2 BHK 870 Sq.ft, Apartment for Sale in Kankanady, Mangalore",35 Lakhs,870 sqft,Super Area
"2 BHK 1105 Sqft Apartment for Sale in Gandhi Nagar, Mangalore.",49.72 Lakh,1105 sqft,Super Area
"3 BHK 1344 Sqft Apartment for Sale in Gandhi Nagar, Mangalore.",60.48 Lakh,1344 sqft,Super Area
"2 BHK 1200 Sqft Apartment for Sale in Gandhi Nagar, Mangalore.",54 Lakhs,1200 sqft,Super Area
"2 BHK 1250 Sqft Apartment for Sale in Bondel, Mangalore.",55.97 Lakh,1250 sqft,Super Area
"2 BHK 1005 Sqft Apartment for Sale in Bondel, Mangalore.",45 Lakhs,1005 sqft,Super Area
"2 BHK 1115 Sqft Apartment for Sale in Derebail, Mangalore.",55 Lakhs,1115 sqft,Super Area
"2 BHK 1060 Sqft Apartment for Sale in Mannagudda, Mangalore.",63.59 Lakh,1060 sqft,Super Area
"2 BHK 1190 Sqft Apartment for Sale in Mannagudda, Mangalore.",71.38 Lakh,1190 sqft,Super Area
"2 BHK 1150 Sqft Apartment for Sale in Bejai, Mangalore.",74.75 Lakh,1150 sqft,Super Area
"2 BHK 1285 Sqft Apartment for Sale in Mannagudda, Mangalore.",83.52 Lakh,1285 sqft,Super Area
"3 BHK 1500 Sqft Apartment for Sale in Mannagudda, Mangalore.",89.98 Lakh,1500 sqft,Super Area
"2 BHK 989 Sqft Apartment for Sale in Kodikal, Mangalore.",45.49 Lakh,989 sqft,Super Area
"3 BHK 1612 Sqft Apartment for Sale in Bendoor, Mangalore.",1.04 Crore,1612 sqft,Super Area
"2 BHK 1210 Sqft Apartment for Sale in Derebail, Mangalore.",60 Lakhs,1210 sqft,Super Area
"3 BHK Apartment for Sale in Kulai, Mangalore",1.23 Crore,1870 sqft,Super Area
"2 BHK Apartment for Sale in Kulai, Mangalore",74.99 Lakh,1225 sqft,Super Area
"3 BHK Apartment for Sale in Kadri, Mangalore",45.44 Lakh,1515 sqft,Super Area
"2 BHK Apartment for Sale in Bondel, Mangalore",53.20 Lakh,1400 sqft,Super Area
"3 BHK Apartment for Sale in Kadri, Mangalore",1.91 Crore,3300 sqft,Super Area
"2 BHK Apartment for Sale in Pandeshwar, Mangalore",58.65 Lakh,1150 sqft,Super Area
"2 BHK 1115 Sqft Apartment for Sale in Derebail, Mangalore.",55 Lakhs,1115 sqft,Super Area
"4 BHK 2645 Sqft Apartment for Sale in Bendoor, Mangalore.",1.71 Crore,2645 sqft,Super Area
"3 BHK 1753 Sqft Apartment for Sale in Bejai, Mangalore.",1.10 Crore,1753 sqft,Super Area
"4400 Sq.ft Plot for Sale in Moodabidiri, Mangalore",30.80 Lakh,4400 sqft,Super Area
"2 BHK 1049 Sqft Apartment for Sale in Kodikal, Mangalore.",36.71 Lakh,1049 sqft,Super Area
"3 BHK 1526 Sqft Apartment for Sale in Chilambi, Mangalore.",1.06 Crore,1526 sqft,Super Area
"3 BHK 1565 Sqft Apartment for Sale in Chilambi, Mangalore.",1.09 Crore,1565 sqft,Super Area
"2 BHK 1175 Sqft Apartment for Sale in Chilambi, Mangalore.",82.25 Lakh,1175 sqft,Super Area
"2 BHK 1175 Sqft Apartment for Sale in Bejai, Mangalore.",74.03 Lakh,1175 sqft,Super Area
"2 BHK 1050 Sqft Apartment for Sale in Bejai, Mangalore.",66.15 Lakh,1050 sqft,Super Area
"3 BHK 1706 Sqft Apartment for Sale in Bejai, Mangalore.",1.07 Crore,1706 sqft,Super Area
"2 BHK 1045 Sqft Apartment for Sale in Chilambi, Mangalore.",73.15 Lakh,1045 sqft,Super Area
"3 BHK 1430 Sqft Apartment for Sale in Mannagudda, Mangalore.",85.78 Lakh,1430 sqft,Super Area
"3 BHK 1555 Sqft Apartment for Sale in Derebail, Mangalore.",76 Lakhs,1555 sqft,Super Area
"2 BHK 1075 Sqft Apartment for Sale in Bejai, Mangalore.",69.87 Lakh,1075 sqft,Super Area
"3 BHK Apartment for Sale in Kulai, Mangalore",1.23 Crore,1870 sqft,Super Area
"2 BHK Apartment for Sale in Bondel, Mangalore",42.34 Lakh,941 sqft,Super Area
"4+ BHK Apartment for Sale in Shivabaugh, Mangalore",4.18 Crore,5052 sqft,Super Area
"2 BHK Apartment for Sale in Kadri, Mangalore",35.67 Lakh,1100 sqft,Super Area
"2 BHK Apartment for Sale in Kadri, Mangalore",32.99 Lakh,1100 sqft,Super Area
"2 BHK Apartment for Sale in Kulai, Mangalore",64.16 Lakh,975 sqft,Super Area
"2 BHK 1075 Sqft Apartment for Sale in Bejai, Mangalore.",69.87 Lakh,1075 sqft,Super Area
"3 BHK 1555 Sqft Apartment for Sale in Derebail, Mangalore.",76 Lakhs,1555 sqft,Super Area
"4356 Sq. ft Plot for Sale in Mangalore Airport, Mangalore",4 Lakhs,4356 sqft,Super Area
"2 BHK 1265 Sq. ft Apartment for Sale in Bondel, Mangalore",79.06 Lakh,1265 sqft,Super Area
"2 BHK 1165 Sq. ft Apartment for Sale in Mannagudda, Mangalore",72.81 Lakh,1165 sqft,Super Area
"2 BHK 1115 Sq. ft Apartment for Sale in Kadri, Mangalore",77.49 Lakh,1115 sqft,Super Area
"4000 Sqft Plot For Sale in B.C Road, Mangalore",66 Lakhs,4000 sqft,Super Area
"3 BHK 3300 Sqft Apartment for Sale in Kadri, Mangalore",1.91 Crore,3300 sqft,Super Area
"3 BHK 1870 Sqft Apartment for Sale in Kulai, Mangalore",1.14 Crore,1870 sqft,Super Area
"2 BHK 1200 Sqft Apartment for Sale in Derebail, Mangalore",56 Lakhs,1200 sqft,Super Area
"2 BHK 940 Sqft Apartment for Sale in Mary Hill, Mangalore",26.32 Lakh,940 sqft,Super Area
"2 BHK 1295 Sqft Apartment for Sale in Kadri, Mangalore",41.99 Lakh,1295 sqft,Super Area
"3 BHK 1400 Sqft Apartment for Sale in Attavar, Mangalore",56 Lakhs,1400 sqft,Super Area
"1 BHK 605 Sqft Apartment for Sale in Attavar, Mangalore",24.20 Lakh,605 sqft,Super Area
"2 BHK 1133 Sqft. Apartment for Sale in Neermarga, Mangalore.",55 Lakhs,1133 sqft,Super Area
"3 BHK Villa for Sale in Vyasa Nagar, Mangalore",89 Lakhs,1265 sqft,Super Area
"2 BHK Apartment for Sale in Pandeshwar, Mangalore",63.04 Lakh,1150 sqft,Super Area
"3 BHK Apartment for Sale in Attavar, Mangalore",68 Lakhs,1180 sqft,Super Area
"1 BHK 659 Sqft Apartment for Sale in Derebail, Mangalore",34.46 Lakh,659 sqft,Super Area
"2 BHK Apartment for Sale in Pandeshwar, Mangalore",67.43 Lakh,1230 sqft,Super Area
"3 BHK Apartment for Sale in Kadri, Mangalore",45.44 Lakh,1515 sqft,Super Area
"2 BHK Apartment for Sale in Kodailbail, Mangalore",54.51 Lakh,1138 sqft,Super Area
"2 BHK Apartment for Sale in Bondel, Mangalore",41.85 Lakh,930 sqft,Super Area
"2 BHK Apartment for Sale in Bondel, Mangalore",42.34 Lakh,941 sqft,Super Area
"2 BHK Apartment for Sale in Bondel, Mangalore",45.58 Lakh,1013 sqft,Super Area
"1 BHK Apartment for Sale in Bondel, Mangalore",28.12 Lakh,625 sqft,Super Area
"3 BHK Apartment for Sale in Kottara, Mangalore",1.30 Crore,1835 sqft,Super Area
"2 BHK Apartment for Sale in Kottara, Mangalore",90 Lakhs,1285 sqft,Super Area
"3 BHK Apartment for Sale in Kottara, Mangalore",1.10 Crore,1600 sqft,Super Area
"2 BHK Apartment for Sale in Kottara, Mangalore",78 Lakhs,1115 sqft,Super Area
"2 BHK 844 Sqft Apartment for Sale in B.C Road, Mangalore",34 Lakhs,844 sqft,Super Area
"3 BHK Apartment for Sale in Bondel, Mangalore",66.61 Lakh,1753 sqft,Super Area
"2 BHK Apartment for Sale in Bondel, Mangalore",41.80 Lakh,1100 sqft,Super Area
"3 BHK Apartment for Sale in Attavar, Mangalore",68 Lakhs,1180 sqft,Super Area
"2 BHK Apartment for Sale in Bondel, Mangalore",53.20 Lakh,1400 sqft,Super Area
"3 BHK Apartment for Sale in Bondel, Mangalore",87.02 Lakh,2290 sqft,Super Area
"2 BHK Apartment for Sale in Kulai, Mangalore",59.68 Lakh,975 sqft,Super Area
"3 BHK 1691 Sqft Apartment for Sale in Derebail, Mangalore",88.41 Lakh,1691 sqft,Super Area
"3 BHK Apartment for Sale in Derebail, Mangalore",72.15 Lakh,1380 sqft,Super Area
"3 BHK Villa for Sale in Puttur, Mangalore",1.25 Crore,1700 sqft,Super Area
"2 BHK Apartment for Sale in Bondel, Mangalore",42.34 Lakh,941 sqft,Super Area
"4+ BHK Apartment for Sale in Shivabaugh, Mangalore",3.91 Crore,5052 sqft,Super Area
"3 BHK Apartment for Sale in Attavar, Mangalore",1.11 Crore,1855 sqft,Super Area
"3 BHK Apartment for Sale in Attavar, Mangalore",80 Lakhs,1450 sqft,Super Area
"5200 Sq. ft Plot for Sale in Derlakatte, Mangalore",54 Lakhs,5200 sqft,Super Area
"3 BHK Apartment for Sale in Padil, Mangalore",80 Lakhs,1660 sqft,Super Area
"3 BHK 2315 Sq.ft, Apartment for Sale in Kodailbail, Mangalore.",1.67 Crore,2315 sqft,Super Area
"3 BHK 1915 Sq.ft, Apartment for Sale in Kodailbail, Mangalore.",1.38 Crore,1915 sqft,Super Area
"1 BHK 634 Sq.ft, Apartment for Sale in Surathkal, Mangalore.",23.77 Lakh,634 sqft,Super Area
"1 BHK 645 Sq.ft, Apartment for Sale in Surathkal, Mangalore.",24.18 Lakh,645 sqft,Super Area
"2 BHK 915 Sq.ft, Apartment for Sale in Surathkal, Mangalore.",34.31 Lakh,915 sqft,Super Area
"2 BHK 1170 Sq.ft, Apartment for Sale in Surathkal, Mangalore.",43.87 Lakh,1170 sqft,Super Area
"3 BHK 1505 Sqft Apartment for Sale in Bejai, Mangalore.",75.25 Lakh,1505 sqft,Super Area
"2 BHK 1090 Sqft Apartment for Sale in Bejai, Mangalore.",54.50 Lakh,1090 sqft,Super Area
"2 BHK 1015 Sqft Apartment for Sale in Bejai, Mangalore.",50.75 Lakh,1015 sqft,Super Area
"4360 Sq. ft Plot for Sale in Moodabidiri, Mangalore",12.50 Lakh,4360 sqft,Super Area
"4 BHK 4250 Sq.ft, Apartment for Sale in Kadri, Mangalore.",3.75 Crore,4250 sqft,Super Area
"2 BHK Apartment for Sale in Bondel, Mangalore",41.85 Lakh,930 sqft,Super Area
"3 BHK Apartment for Sale in Kadri, Mangalore",87.05 Lakh,1665 sqft,Super Area
"2 BHK Apartment for Sale in Kulai, Mangalore",74.99 Lakh,1225 sqft,Super Area
"2 BHK Apartment for Sale in Bondel, Mangalore",42.34 Lakh,941 sqft,Super Area
"2 BHK Apartment for Sale in Pandeshwar, Mangalore",67.43 Lakh,1230 sqft,Super Area
"4+ BHK Apartment for Sale in Shivabaugh, Mangalore",5.03 Crore,6500 sqft,Super Area
"4 BHK 4250 Sq.ft, Apartment for Sale in Kadri, Mangalore.",3.75 Crore,4250 sqft,Super Area
"1 BHK 875 Sq.ft, Apartment for Sale in Gandhi Nagar, Mangalore.",53.84 Lakh,875 sqft,Super Area
"2 BHK 1105 Sq.ft, Apartment for Sale in Gandhi Nagar, Mangalore.",68 Lakhs,1105 sqft,Super Area
"3 BHK 1612 Sq.ft, Apartment for Sale in Bendoor, Mangalore.",1.20 Crore,1612 sqft,Super Area
"3 BHK 1344 Sq.ft, Apartment for Sale in Gandhi Nagar, Mangalore.",82.70 Lakh,1344 sqft,Super Area
"3 BHK 2132 Sq.ft, Apartment for Sale in Bendoor, Mangalore.",1.58 Crore,2132 sqft,Super Area
"4 BHK 2645 Sq.ft, Apartment for Sale in Bendoor, Mangalore.",1.97 Crore,2645 sqft,Super Area
"2 BHK 1504 Sq.ft, Apartment for Sale in Mannagudda, Mangalore.",97.76 Lakh,1504 sqft,Super Area
"2 BHK 1406 Sq.ft, Apartment for Sale in Mannagudda, Mangalore.",91.39 Lakh,1406 sqft,Super Area
"2 BHK 1390 Sq.ft, Apartment for Sale in Chilambi, Mangalore.",75.06 Lakh,1390 sqft,Super Area
"2 BHK 800 Sq.ft, Apartment for Sale in Kodikal, Mangalore.",44 Lakhs,800 sqft,Super Area
"2 BHK 976 Sq.ft, Apartment for Sale in Kodikal, Mangalore.",53.68 Lakh,976 sqft,Super Area
"3 BHK 1500 Sq.ft, Apartment for Sale in Mannagudda, Mangalore.",91.50 Lakh,1500 sqft,Super Area
"2 BHK 1060 Sq.ft, Apartment for Sale in Mannagudda, Mangalore.",64.66 Lakh,1060 sqft,Super Area
"2 BHK 1190 Sq.ft, Apartment for Sale in Mannagudda, Mangalore.",72.59 Lakh,1190 sqft,Super Area
"3 BHK Apartment for Sale in Kottara, Mangalore",1.10 Crore,1600 sqft,Super Area
"3 BHK Villa for Sale in Vyasa Nagar, Mangalore",89 Lakhs,1265 sqft,Super Area
"3 BHK Apartment for Sale in Mannagudda, Mangalore",85.78 Lakh,1430 sqft,Super Area
"2 BHK 1190 Sqft Apartment for Sale in Mannagudda, Mangalore",71.38 Lakh,1190 sqft,Super Area
"3 BHK 1770 Sqft Apartment for Sale in Derebail, Mangalore",1.25 Crore,1770 sqft,Super Area
"2 BHK Apartment for Sale in Kadri, Mangalore",67.18 Lakh,1285 sqft,Super Area
"3 BHK 1440 Sq.ft, Apartment for Sale in Kodikal, Mangalore.",66 Lakhs,1440 sqft,Super Area
"2 BHK 1190 Sq.ft, Apartment for Sale in Mannagudda, Mangalore.",72.59 Lakh,1190 sqft,Super Area
"3 BHK 1430 Sq.ft, Apartment for Sale in Mannagudda, Mangalore.",87.23 Lakh,1430 sqft,Super Area
"2000 Sq. ft Plot for Sale in Urwa, Mangalore",40 Lakhs,2000 sqft,Super Area
"2000 Sq. ft Plot for Sale in Urwa, Mangalore",40 Lakhs,2000 sqft,Super Area
"2 BHK 1180 Sqft Apartment for Sale in Kodailbail, Mangalore.",76.70 Lakh,1180 sqft,Super Area
"3 BHK 1550 Sqft Apartment for Sale in Kodailbail, Mangalore.",1 Crore,1550 sqft,Super Area
"3 BHK 1740 Sqft Apartment for Sale in Kodailbail, Mangalore.",1.13 Crore,1740 sqft,Super Area
"2 BHK 1100 Sqft Apartment for Sale in Kodailbail, Mangalore.",71.50 Lakh,1100 sqft,Super Area
"2 BHK 1090 Sqft Apartment for Sale in Bejai, Mangalore.",54.50 Lakh,1090 sqft,Super Area
"2 BHK 1290 Sqft Apartment for Sale in Kankanady, Mangalore.",86.43 Lakh,1290 sqft,Super Area
"2 BHK 1015 Sqft Apartment for Sale in Bejai, Mangalore.",50.75 Lakh,1015 sqft,Super Area
"3 BHK 1505 Sqft Apartment for Sale in Bejai, Mangalore.",75.25 Lakh,1505 sqft,Super Area
"3 BHK 1350 Sqft Apartment for Sale in Kankanady, Mangalore.",90.45 Lakh,1350 sqft,Super Area
"2 BHK 1175 Sqft Apartment for Sale in Bejai, Mangalore.",74.02 Lakh,1175 sqft,Super Area
"3 BHK 1465 Sqft Apartment for Sale in Bondel, Mangalore",65 Lakhs,1465 sqft,Super Area
"1 BHK 659 Sqft Apartment for Sale in Derebail, Mangalore",34.46 Lakh,659 sqft,Super Area
"2 BHK Apartment for Sale in Yeyyadi, Mangalore",61.39 Lakh,1600 sqft,Super Area
"3 BHK Villa for Sale in Vyasa Nagar, Mangalore",89 Lakhs,1265 sqft,Super Area
"3 BHK Apartment for Sale in Kadri, Mangalore",52.81 Lakh,1515 sqft,Super Area
"3 BHK 1691 Sqft Apartment for Sale in Derebail, Mangalore",88.41 Lakh,1691 sqft,Super Area
"3 BHK 1706 Sqft Apartment for Sale in Bejai, Mangalore.",1.07 Crore,1706 sqft,Super Area
"2 BHK 1050 Sqft Apartment for Sale in Bejai, Mangalore.",66.15 Lakh,1050 sqft,Super Area
"3 BHK 1753 Sqft Apartment for Sale in Bejai, Mangalore.",1.10 Crore,1753 sqft,Super Area
"3 BHK 1500 Sqft Apartment for Sale in Gandhi Nagar, Mangalore.",82.50 Lakh,1500 sqft,Super Area
"3 BHK 1490 Sqft Apartment for Sale in Moodabidiri, Mangalore.",52.15 Lakh,1490 sqft,Super Area
"3 BHK Apartment for Sale in Derebail, Mangalore",68 Lakhs,1360 sqft,Super Area
"1100 Sq.ft Plot for Sale in Puttur, Mangalore",15.40 Lakh,1100 sqft,Super Area
"1750 Sq.ft Plot for Sale in Puttur, Mangalore",25.37 Lakh,1750 sqft,Super Area
"2485 Sq.ft Plot for Sale in Kudupu, Mangalore",48.49 Lakh,2485 sqft,Super Area
"2178 Sq.ft Plot for Sale in Kudupu, Mangalore",42.50 Lakh,2178 sqft,Super Area
"1 BHK 650 Sqft Apartment for Sale in Kudupu, Mangalore.",24.70 Lakh,650 sqft,Super Area
"3 BHK 1200 Sqft Apartment for Sale in Kudupu, Mangalore.",45 Lakhs,1200 sqft,Super Area
"2 BHK 950 Sqft Apartment for Sale in Kudupu, Mangalore.",35 Lakhs,950 sqft,Super Area
"2 BHK 750 Sqft Apartment for Sale in Kudupu, Mangalore.",27 Lakhs,750 sqft,Super Area
"2 BHK 1200 Sqft Apartment for Sale in Kottara, Mangalore.",60 Lakhs,1200 sqft,Super Area
"3 BHK Apartment for Sale in Attavar, Mangalore",1.11 Crore,1855 sqft,Super Area
"2 BHK Apartment for Sale in Bondel, Mangalore",41.85 Lakh,930 sqft,Super Area
"3 BHK Apartment for Sale in Attavar, Mangalore",80 Lakhs,1450 sqft,Super Area
"2 BHK Apartment for Sale in Yeyyadi, Mangalore",60.20 Lakh,1350 sqft,Super Area
"2 BHK Apartment for Sale in Kadri, Mangalore",67.18 Lakh,1285 sqft,Super Area
"2 BHK Apartment for Sale in Kadri, Mangalore",76.37 Lakh,1115 sqft,Super Area
"2 BHK 1200 Sqft Apartment for Sale in Kottara, Mangalore.",60 Lakhs,1200 sqft,Super Area
"3 BHK 1440 Sqft Apartment for Sale in Kottara, Mangalore.",72 Lakhs,1440 sqft,Super Area
"2 BHK, 1175 Sqft Apartment for Sale in Kottara, Mangalore",57.62 Lakh,1175 sqft,Super Area
"3 BHK 1800 Sqft Apartment for Sale in Chilambi, Mangalore.",80 Lakhs,1800 sqft,Super Area
"3 BHK 1320 Sqft Apartment for Sale in Shaktinagar, Mangalore.",54.12 Lakh,1320 sqft,Super Area
"4 BHK 3477 Sqft Apartment for Sale in Chilambi, Mangalore.",2.78 Crore,3477 sqft,Super Area
"3 BHK 2363 Sqft Apartment for Sale in Chilambi, Mangalore.",1.90 Crore,2363 sqft,Super Area
"2 BHK 1100 Sqft Apartment for Sale in Shaktinagar, Mangalore.",45.10 Lakh,1100 sqft,Super Area
"3 BHK 2298 Sqft Apartment for Sale in Chilambi, Mangalore.",1.80 Crore,2298 sqft,Super Area
"4 BHK 3366 Sqft Apartment for Sale in Chilambi, Mangalore.",2.62 Crore,3366 sqft,Super Area
"3 BHK Apartment for Sale in Kodailbail, Mangalore",1 Crore,1550 sqft,Super Area
"2200 Sqft Plot for Sale in Puttur, Mangalore",30.80 Lakh,2200 sqft,Super Area
"1350 Sqft Plot for Sale in Puttur, Mangalore",18.22 Lakh,1350 sqft,Super Area
"3 BHK Apartment for Sale in Kankanady, Mangalore",90.45 Lakh,1350 sqft,Super Area
"2 BHK Apartment for Sale in Bejai, Mangalore",50.75 Lakh,1015 sqft,Super Area
"2 BHK 1013 Sqft Apartment for Sale in Bondel, Mangalore",45.58 Lakh,1013 sqft,Super Area
"2 BHK Apartment for Sale in Pandeshwar, Mangalore",58.02 Lakh,1230 sqft,Super Area
"2 BHK Apartment for Sale in Kulai, Mangalore",74.99 Lakh,1225 sqft,Super Area
"3 BHK Apartment for Sale in Derebail, Mangalore",84.07 Lakh,1608 sqft,Super Area
"2 BHK Apartment for Sale in Yeyyadi, Mangalore",66.36 Lakh,1600 sqft,Super Area
"3 BHK Apartment for Sale in Kottara, Mangalore",1.10 Crore,1600 sqft,Super Area
"2 BHK Apartment for Sale in Kankanady, Mangalore",86.43 Lakh,1290 sqft,Super Area
"3 BHK Apartment for Sale in Bejai, Mangalore",75.25 Lakh,1505 sqft,Super Area
"3 BHK Apartment for Sale in Gandhi Nagar, Mangalore",60.48 Lakh,1344 sqft,Super Area
"2 BHK Apartment for Sale in Gandhi Nagar, Mangalore",49.72 Lakh,1105 sqft,Super Area
"2 BHK Apartment for Sale in Bejai, Mangalore",74.75 Lakh,1150 sqft,Super Area
"3 BHK Apartment for Sale in Bejai, Mangalore",84.50 Lakh,1300 sqft,Super Area
"2 BHK Apartment for Sale in Gandhi Nagar, Mangalore",54 Lakhs,1200 sqft,Super Area
"1 BHK Apartment for Sale in Gandhi Nagar, Mangalore",39.37 Lakh,875 sqft,Super Area
"2 BHK Apartment for Sale in Kodikal, Mangalore",36.80 Lakh,800 sqft,Super Area
"3 BHK Apartment for Sale in Kodailbail, Mangalore",1 Crore,1550 sqft,Super Area
"2 BHK Apartment for Sale in Kodikal, Mangalore",45.49 Lakh,989 sqft,Super Area
"2 BHK Apartment for Sale in Bejai, Mangalore",69.87 Lakh,1075 sqft,Super Area
"2 BHK Apartment for Sale in Mannagudda, Mangalore",63.58 Lakh,1060 sqft,Super Area
"2200 Sqft Plot for Sale in Puttur, Mangalore",30.80 Lakh,2200 sqft,Super Area
"1350 Sqft Plot for Sale in Puttur, Mangalore",18.22 Lakh,1350 sqft,Super Area
"2 BHK Apartment for Sale in Kulai, Mangalore",69.36 Lakh,1225 sqft,Super Area
"3 BHK Apartment for Sale in Attavar, Mangalore",1.11 Crore,1855 sqft,Super Area
"2 BHK 1013 Sqft Apartment for Sale in Bondel, Mangalore",45.58 Lakh,1013 sqft,Super Area
"2 BHK Apartment for Sale in Kadri, Mangalore",33.46 Lakh,960 sqft,Super Area
"3 BHK Villa for Sale in Vyasa Nagar, Mangalore",89 Lakhs,1265 sqft,Super Area
"2 BHK Apartment for Sale in Pandeshwar, Mangalore",63.04 Lakh,1150 sqft,Super Area
"2 BHK Apartment for Sale in Surathkal, Mangalore",36.27 Lakh,1170 sqft,Super Area
"2 BHK Apartment for Sale in Surathkal, Mangalore",39.15 Lakh,955 sqft,Super Area
"3 BHK Apartment for Sale in Surathkal, Mangalore",60.68 Lakh,1480 sqft,Super Area
"2 BHK Apartment for Sale in Kadri, Mangalore",97.87 Lakh,1450 sqft,Super Area
"2 BHK Apartment for Sale in Kodailbail, Mangalore",71.50 Lakh,1100 sqft,Super Area
"3 BHK Apartment for Sale in Kodailbail, Mangalore",1.28 Crore,1915 sqft,Super Area
"3 BHK Apartment for Sale in Kodailbail, Mangalore",1.55 Crore,2315 sqft,Super Area
"2 BHK Apartment for Sale in Mannagudda, Mangalore",71.38 Lakh,1190 sqft,Super Area
"2 BHK Apartment for Sale in Kankanady, Mangalore",86.43 Lakh,1290 sqft,Super Area
"1 BHK Apartment for Sale in Surathkal, Mangalore",19.99 Lakh,645 sqft,Super Area
"3 BHK Apartment for Sale in Bejai, Mangalore",75.25 Lakh,1505 sqft,Super Area
"3 BHK Apartment for Sale in Gandhi Nagar, Mangalore",60.48 Lakh,1344 sqft,Super Area
"2 BHK Apartment for Sale in Gandhi Nagar, Mangalore",49.72 Lakh,1105 sqft,Super Area
"2 BHK Apartment for Sale in Bejai, Mangalore",74.75 Lakh,1150 sqft,Super Area
"3 BHK Apartment for Sale in Bejai, Mangalore",84.50 Lakh,1300 sqft,Super Area
"2 BHK Apartment for Sale in Kulai, Mangalore",69.36 Lakh,1225 sqft,Super Area
"2 BHK Apartment for Sale in Kadri, Mangalore",28.79 Lakh,960 sqft,Super Area
"4+ BHK Apartment for Sale in Shivabaugh, Mangalore",4.18 Crore,5052 sqft,Super Area
"2 BHK Apartment for Sale in Pandeshwar, Mangalore",62.73 Lakh,1230 sqft,Super Area
"2 BHK Apartment for Sale in Kadri, Mangalore",33.46 Lakh,960 sqft,Super Area
"2 BHK Apartment for Sale in Kulai, Mangalore",74.99 Lakh,1225 sqft,Super Area
"2 BHK Apartment for Sale in Kodikal, Mangalore",45.49 Lakh,989 sqft,Super Area
"1 BHK Apartment for Sale in Surathkal, Mangalore",19.99 Lakh,645 sqft,Super Area
"1 BHK 677 Sqft Apartment for Sale in Konchady, Mangalore",35.40 Lakh,677 sqft,Super Area
"2 BHK 1225 Sqft Apartment for Sale in Konchady, Mangalore",64.05 Lakh,1225 sqft,Super Area
"3 BHK 1380 Sqft Apartment for Sale in Konchady, Mangalore",72.15 Lakh,1380 sqft,Super Area
"2 BHK Apartment for Sale in Mannagudda, Mangalore",97.76 Lakh,1504 sqft,Super Area
"3 BHK Apartment for Sale in Mannagudda, Mangalore",1.65 Crore,2543 sqft,Super Area
"3 BHK 1490 Sqft Apartment for Sale in Kodiabail, Mangalore",77.90 Lakh,1490 sqft,Super Area
"3 BHK 1691 Sqft Apartment for Sale in Kodiabail, Mangalore",88.41 Lakh,1691 sqft,Super Area
"3 BHK 1608 Sqft Apartment for Sale in Konchady, Mangalore",84.07 Lakh,1608 sqft,Super Area
"1 BHK 659 Sqft Apartment for Sale in Konchady, Mangalore",34.46 Lakh,659 sqft,Super Area
"2 BHK 1285 Sqft Apartment for Sale in Konchady, Mangalore",67.18 Lakh,1285 sqft,Super Area
"2 BHK 1254 Sqft Apartment for Sale in Konchady, Mangalore",65.56 Lakh,1254 sqft,Super Area
"1 BHK 659 Sqft Apartment for Sale in Kodiabail, Mangalore",34.46 Lakh,659 sqft,Super Area
"3 BHK 1380 Sqft Apartment for Sale in Kavoor, Mangalore",72.15 Lakh,1380 sqft,Super Area
"2 BHK Apartment for Sale in Bondel, Mangalore",71.50 Lakh,1265 sqft,Super Area
"3 BHK 1265 Sq.ft, Villa for Sale in Vas Lane, Mangalore",89 Lakhs,1265 sqft,Super Area
"3 BHK Apartment for Rent in Kadri, Mangalore","16,000",1600 sqft,Super Area
"2 BHK 1200 Sqft Apartment for Sale in Mannagudda, Mangalore",69.40 Lakh,1200 sqft,Super Area
"3 BHK Apartment for Sale in Derebail, Mangalore",68 Lakhs,1360 sqft,Super Area
"2 BHK Apartment for Sale in Mannagudda, Mangalore",71.39 Lakh,1165 sqft,Super Area
"3 BHK 1691 Sqft Apartment for Sale in Kodiabail, Mangalore",88.41 Lakh,1691 sqft,Super Area
"3 BHK 1380 Sqft Apartment for Sale in Kavoor, Mangalore",72.15 Lakh,1380 sqft,Super Area
"3 BHK 1490 Sqft Apartment for Sale in Karangalpady, Mangalore",77.90 Lakh,1490 sqft,Super Area
"3 BHK 1691 Sqft Apartment for Sale in Karangalpady, Mangalore",88.41 Lakh,1691 sqft,Super Area
"2 BHK 1109 Sqft Apartment for Sale in Kankanady, Mangalore",57.98 Lakh,1109 sqft,Super Area
"2 BHK 1109 Sqft Apartment for Sale in Karangalpady, Mangalore",57.98 Lakh,1109 sqft,Super Area
"3 BHK 1230 Sqft Apartment for Sale in Karangalpady, Mangalore",64.31 Lakh,1230 sqft,Super Area
"3 BHK 1230 Sqft Apartment for Sale in Kankanady, Mangalore",64.31 Lakh,1230 sqft,Super Area
"2 BHK 1109 Sqft Apartment for Sale in Kadri, Mangalore",57.98 Lakh,1109 sqft,Super Area
"3 BHK 1490 Sqft Apartment for Sale in Kadri, Mangalore",77.90 Lakh,1490 sqft,Super Area
"1 BHK 659 Sqft Apartment for Sale in Kadri, Mangalore",34.46 Lakh,659 sqft,Super Area
"3 BHK 1608 Sqft Apartment for Sale in Konchady, Mangalore",84.07 Lakh,1608 sqft,Super Area
"1 BHK 659 Sqft Apartment for Sale in Konchady, Mangalore",34.46 Lakh,659 sqft,Super Area
"2 BHK 1254 Sqft Apartment for Sale in Konchady, Mangalore",65.56 Lakh,1254 sqft,Super Area
"2 BHK 1285 Sqft Apartment for Sale in Konchady, Mangalore",67.18 Lakh,1285 sqft,Super Area
"3 BHK Apartment for Sale in Kottara, Mangalore",72 Lakhs,1440 sqft,Super Area
"3 BHK Apartment for Sale in Kulai, Mangalore",80 Lakhs,1600 sqft,Super Area
"2 BHK 1040 Sqft Apartment for Sale in Yeyyadi, Mangalore.",43.68 Lakh,1040 sqft,Super Area
"2 BHK 1091 Sqft Apartment for Sale in Derebail, Mangalore",50.69 Lakh,1091 sqft,Super Area
"3 BHK Apartment for Sale in Derebail, Mangalore",60 Lakhs,1500 sqft,Super Area
"4+ BHK 6500 Sqft Apartment for Sale in Shivabaugh, Mangalore.",4.87 Crore,6500 sqft,Super Area
"1 BHK 659 Sqft Apartment for Sale in Kodiabail, Mangalore",34.46 Lakh,659 sqft,Super Area
"2 BHK 1109 Sqft Apartment for Sale in Jeppinamogaru, Mangalore",57.98 Lakh,1109 sqft,Super Area
"2 BHK 1225 Sqft Apartment for Sale in Karangalpady, Mangalore",64.05 Lakh,1225 sqft,Super Area
"3 BHK 1665 Sqft Villa for Sale in Karangalpady, Mangalore",87.05 Lakh,1665 sqft,Super Area
"3 BHK 1608 Sqft Apartment for Sale in Karangalpady, Mangalore",84.07 Lakh,1608 sqft,Super Area
"1 BHK 659 Sqft Apartment for Sale in Karangalpady, Mangalore",34.46 Lakh,659 sqft,Super Area
"2 BHK 1285 Sqft Apartment for Sale in Karangalpady, Mangalore",67.18 Lakh,1285 sqft,Super Area
"3 BHK 1608 Sqft Apartment for Sale in Kodiabail, Mangalore",84.07 Lakh,1608 sqft,Super Area
"3 BHK 1665 Sqft Villa for Sale in Kodiabail, Mangalore",87.05 Lakh,1665 sqft,Super Area
"2 BHK 1285 Sqft Apartment for Sale in Kodiabail, Mangalore",67.18 Lakh,1285 sqft,Super Area
"3 BHK 1665 Sqft Villa for Sale in Kavoor, Mangalore",87.05 Lakh,1665 sqft,Super Area
"2 BHK 1225 Sqft Apartment for Sale in Kadri, Mangalore",64.05 Lakh,1225 sqft,Super Area
"1 BHK 677 Sqft Apartment for Sale in Kadri, Mangalore",35.40 Lakh,677 sqft,Super Area
"2 BHK 1254 Sqft Apartment for Sale in Kadri, Mangalore",65.56 Lakh,1254 sqft,Super Area
"3 BHK 1608 Sqft Apartment for Sale in Kadri, Mangalore",84.07 Lakh,1608 sqft,Super Area
